Workbook

Sheet DASHBOARD
A1: CONTAINER TERMINAL DASHBOARD
A2: Vessel calls and volume summary · 2024 – 2026
A4: KEY PERFORMANCE INDICATORS
A5: METRIC | B5: 2024 | C5: 2025 | D5: 2026 (YTD) | E5: Δ 25 / 24
A6: Vessel calls (voyages) | B6: =COUNT('2024'!$E$3:$E$500) -> 103 | C6: =COUNT('2025'!$E$3:$E$500) -> 101 | D6: =COUNT('2026'!$E$3:$E$500) -> 74 | E6: =IFERROR(C6/B6-1,"") -> -0.019417476
A7: Total TEU | B7: =SUM(B42:B47) -> 108070 | C7: =SUM(C42:C47) -> 113600 | D7: =SUM(D42:D47) -> 85478 | E7: =IFERROR(C7/B7-1,"") -> 0.051170538
A8: Total containers | B8: =B42+B43/2+B44+B45/2+B46+B47/2 -> 72060 | C8: =C42+C43/2+C44+C45/2+C46+C47/2 -> 73243 | D8: =D42+D43/2+D44+D45/2+D46+D47/2 -> 54776 | E8: =IFERROR(C8/B8-1,"") -> 0.016416875
A9: Avg. TEU per call | B9: =IFERROR(B7/B6,0) -> 1049.2233 | C9: =IFERROR(C7/C6,0) -> 1124.7525 | D9: =IFERROR(D7/D6,0) -> 1155.1081 | E9: =IFERROR(C9/B9-1,"") -> 0.071985796
A10: Containers discharged | B10: =B42+B43/2 -> 35969 | C10: =C42+C43/2 -> 36728 | D10: =D42+D43/2 -> 27719 | E10: =IFERROR(C10/B10-1,"") -> 0.021101504
A11: Containers loaded (FCL + empty) | B11: =B8-B10 -> 36091 | C11: =C8-C10 -> 36515 | D11: =D8-D10 -> 27057 | E11: =IFERROR(C11/B11-1,"") -> 0.011748081
A12: Share of 40' containers | B12: =IFERROR((B43+B45+B47)/2/B8,0) -> 0.49972245 | C12: =IFERROR((C43+C45+C47)/2/C8,0) -> 0.55100146 | D12: =IFERROR((D43+D45+D47)/2/D8,0) -> 0.56050095 | E12: =IFERROR(C12/B12-1,"") -> 0.10261498
A15: MONTHLY TEU
A16: MONTH | B16: 2024 | C16: 2025 | D16: 2026 | E16: Δ 25 / 24 | F16: Δ 26 / 25
A17: January | B17: =SUMIF('2024'!$A$3:$A$500,$A17,'2024'!$O$3:$O$500) -> 8288 | C17: =SUMIF('2025'!$A$3:$A$500,$A17,'2025'!$O$3:$O$500) -> 11995 | D17: =IF(SUMIF('2026'!$Q$3:$Q$500,$A17,'2026'!$R$3:$R$500)=0,"",SUMIF('2026'!$Q$3:$Q$500,$A17,'2026'!$R$3:$R$500)) -> 14666 | E17: =IFERROR(C17/B17-1,"") -> 0.44727317 | F17: =IF(D17=0,"",IFERROR(D17/C17-1,"")) -> 0.22267612
A18: February | B18: =SUMIF('2024'!$A$3:$A$500,$A18,'2024'!$O$3:$O$500) -> 8833 | C18: =SUMIF('2025'!$A$3:$A$500,$A18,'2025'!$O$3:$O$500) -> 6492 | D18: =IF(SUMIF('2026'!$Q$3:$Q$500,$A18,'2026'!$R$3:$R$500)=0,"",SUMIF('2026'!$Q$3:$Q$500,$A18,'2026'!$R$3:$R$500)) -> 5123 | E18: =IFERROR(C18/B18-1,"") -> -0.26502887 | F18: =IF(D18=0,"",IFERROR(D18/C18-1,"")) -> -0.21087492
A19: March | B19: =SUMIF('2024'!$A$3:$A$500,$A19,'2024'!$O$3:$O$500) -> 11055 | C19: =SUMIF('2025'!$A$3:$A$500,$A19,'2025'!$O$3:$O$500) -> 9243 | D19: =IF(SUMIF('2026'!$Q$3:$Q$500,$A19,'2026'!$R$3:$R$500)=0,"",SUMIF('2026'!$Q$3:$Q$500,$A19,'2026'!$R$3:$R$500)) -> 12744 | E19: =IFERROR(C19/B19-1,"") -> -0.16390773 | F19: =IF(D19=0,"",IFERROR(D19/C19-1,"")) -> 0.37877313
A20: April | B20: =SUMIF('2024'!$A$3:$A$500,$A20,'2024'!$O$3:$O$500) -> 11436 | C20: =SUMIF('2025'!$A$3:$A$500,$A20,'2025'!$O$3:$O$500) -> 11218 | D20: =IF(SUMIF('2026'!$Q$3:$Q$500,$A20,'2026'!$R$3:$R$500)=0,"",SUMIF('2026'!$Q$3:$Q$500,$A20,'2026'!$R$3:$R$500)) -> 12671 | E20: =IFERROR(C20/B20-1,"") -> -0.019062609 | F20: =IF(D20=0,"",IFERROR(D20/C20-1,"")) -> 0.12952398
A21: May | B21: =SUMIF('2024'!$A$3:$A$500,$A21,'2024'!$O$3:$O$500) -> 9569 | C21: =SUMIF('2025'!$A$3:$A$500,$A21,'2025'!$O$3:$O$500) -> 10414 | D21: =IF(SUMIF('2026'!$Q$3:$Q$500,$A21,'2026'!$R$3:$R$500)=0,"",SUMIF('2026'!$Q$3:$Q$500,$A21,'2026'!$R$3:$R$500)) -> 10628 | E21: =IFERROR(C21/B21-1,"") -> 0.088305988 | F21: =IF(D21=0,"",IFERROR(D21/C21-1,"")) -> 0.020549261
A22: June | B22: =SUMIF('2024'!$A$3:$A$500,$A22,'2024'!$O$3:$O$500) -> 8583 | C22: =SUMIF('2025'!$A$3:$A$500,$A22,'2025'!$O$3:$O$500) -> 11653 | D22: =IF(SUMIF('2026'!$Q$3:$Q$500,$A22,'2026'!$R$3:$R$500)=0,"",SUMIF('2026'!$Q$3:$Q$500,$A22,'2026'!$R$3:$R$500)) -> 15639 | E22: =IFERROR(C22/B22-1,"") -> 0.35768379 | F22: =IF(D22=0,"",IFERROR(D22/C22-1,"")) -> 0.34205784
A23: July | B23: =SUMIF('2024'!$A$3:$A$500,$A23,'2024'!$O$3:$O$500) -> 9802 | C23: =SUMIF('2025'!$A$3:$A$500,$A23,'2025'!$O$3:$O$500) -> 8887 | D23: =IF(SUMIF('2026'!$Q$3:$Q$500,$A23,'2026'!$R$3:$R$500)=0,"",SUMIF('2026'!$Q$3:$Q$500,$A23,'2026'!$R$3:$R$500)) -> 8283 | E23: =IFERROR(C23/B23-1,"") -> -0.093348296 | F23: =IF(D23=0,"",IFERROR(D23/C23-1,"")) -> -0.067964442
A24: August | B24: =SUMIF('2024'!$A$3:$A$500,$A24,'2024'!$O$3:$O$500) -> 6891 | C24: =SUMIF('2025'!$A$3:$A$500,$A24,'2025'!$O$3:$O$500) -> 8585 | D24: =IF(SUMIF('2026'!$Q$3:$Q$500,$A24,'2026'!$R$3:$R$500)=0,"",SUMIF('2026'!$Q$3:$Q$500,$A24,'2026'!$R$3:$R$500)) -> 5724 | E24: =IFERROR(C24/B24-1,"") -> 0.24582789 | F24: =IF(D24=0,"",IFERROR(D24/C24-1,"")) -> -0.33325568
A25: September | B25: =SUMIF('2024'!$A$3:$A$500,$A25,'2024'!$O$3:$O$500) -> 7760 | C25: =SUMIF('2025'!$A$3:$A$500,$A25,'2025'!$O$3:$O$500) -> 8101 | D25: =IF(SUMIF('2026'!$Q$3:$Q$500,$A25,'2026'!$R$3:$R$500)=0,"",SUMIF('2026'!$Q$3:$Q$500,$A25,'2026'!$R$3:$R$500)) | E25: =IFERROR(C25/B25-1,"") -> 0.043943299 | F25: =IF(D25=0,"",IFERROR(D25/C25-1,""))
A26: October | B26: =SUMIF('2024'!$A$3:$A$500,$A26,'2024'!$O$3:$O$500) -> 9141 | C26: =SUMIF('2025'!$A$3:$A$500,$A26,'2025'!$O$3:$O$500) -> 9140 | D26: =IF(SUMIF('2026'!$Q$3:$Q$500,$A26,'2026'!$R$3:$R$500)=0,"",SUMIF('2026'!$Q$3:$Q$500,$A26,'2026'!$R$3:$R$500)) | E26: =IFERROR(C26/B26-1,"") -> -0.00010939722 | F26: =IF(D26=0,"",IFERROR(D26/C26-1,""))
A27: November | B27: =SUMIF('2024'!$A$3:$A$500,$A27,'2024'!$O$3:$O$500) -> 7079 | C27: =SUMIF('2025'!$A$3:$A$500,$A27,'2025'!$O$3:$O$500) -> 10012 | D27: =IF(SUMIF('2026'!$Q$3:$Q$500,$A27,'2026'!$R$3:$R$500)=0,"",SUMIF('2026'!$Q$3:$Q$500,$A27,'2026'!$R$3:$R$500)) | E27: =IFERROR(C27/B27-1,"") -> 0.41432406 | F27: =IF(D27=0,"",IFERROR(D27/C27-1,""))
A28: December | B28: =SUMIF('2024'!$A$3:$A$500,$A28,'2024'!$O$3:$O$500) -> 9633 | C28: =SUMIF('2025'!$A$3:$A$500,$A28,'2025'!$O$3:$O$500) -> 7860 | D28: =IF(SUMIF('2026'!$Q$3:$Q$500,$A28,'2026'!$R$3:$R$500)=0,"",SUMIF('2026'!$Q$3:$Q$500,$A28,'2026'!$R$3:$R$500)) | E28: =IFERROR(C28/B28-1,"") -> -0.18405481 | F28: =IF(D28=0,"",IFERROR(D28/C28-1,""))
A29: TOTAL | B29: =SUM(B17:B28) -> 108070 | C29: =SUM(C17:C28) -> 113600 | D29: =SUM(D17:D28) -> 85478 | E29: =IFERROR(C29/B29-1,"") -> 0.051170538
A31: AGENT PERFORMANCE
A32: AGENT | B32: Calls 2024 | C32: Calls 2025 | D32: Calls 2026 | E32: TEU 2026 | F32: Share 2026
A33: CMA | B33: =COUNTIF('2024'!$D$3:$D$500,$A33) -> 23 | C33: =COUNTIF('2025'!$D$3:$D$500,$A33) -> 17 | D33: =COUNTIF('2026'!$D$3:$D$500,$A33) -> 15 | E33: =SUMIF('2026'!$D$3:$D$500,$A33,'2026'!$R$3:$R$500) -> 14758 | F33: =IFERROR(E33/$E$37,"") -> 0.17265261
A34: MAE | B34: =COUNTIF('2024'!$D$3:$D$500,$A34) -> 42 | C34: =COUNTIF('2025'!$D$3:$D$500,$A34) -> 43 | D34: =COUNTIF('2026'!$D$3:$D$500,$A34) -> 31 | E34: =SUMIF('2026'!$D$3:$D$500,$A34,'2026'!$R$3:$R$500) -> 43512 | F34: =IFERROR(E34/$E$37,"") -> 0.50904326
A35: MSC | B35: =COUNTIF('2024'!$D$3:$D$500,$A35) -> 21 | C35: =COUNTIF('2025'!$D$3:$D$500,$A35) -> 27 | D35: =COUNTIF('2026'!$D$3:$D$500,$A35) -> 20 | E35: =SUMIF('2026'!$D$3:$D$500,$A35,'2026'!$R$3:$R$500) -> 18781 | F35: =IFERROR(E35/$E$37,"") -> 0.21971735
A36: OBT | B36: =COUNTIF('2024'!$D$3:$D$500,$A36) -> 16 | C36: =COUNTIF('2025'!$D$3:$D$500,$A36) -> 14 | D36: =COUNTIF('2026'!$D$3:$D$500,$A36) -> 8 | E36: =SUMIF('2026'!$D$3:$D$500,$A36,'2026'!$R$3:$R$500) -> 8427 | F36: =IFERROR(E36/$E$37,"") -> 0.098586771
A37: TOTAL | B37: =SUM(B33:B36) -> 102 | C37: =SUM(C33:C36) -> 101 | D37: =SUM(D33:D36) -> 74 | E37: =SUM(E33:E36) -> 85478 | F37: =IFERROR(E37/$E$37,"") -> 1
A40: CONTAINER BREAKDOWN (TEU)
A41: CATEGORY | B41: 2024 | C41: 2025 | D41: 2026
A42: Discharge 20' | B42: =SUMIF('2024'!$E$3:$E$500,">0",'2024'!G$3:G$500) -> 18100 | C42: =SUMIF('2025'!$E$3:$E$500,">0",'2025'!G$3:G$500) -> 16405 | D42: =SUMIF('2026'!$E$3:$E$500,">0",'2026'!G$3:G$500) -> 12186
A43: Discharge 40' | B43: =2*SUMIF('2024'!$E$3:$E$500,">0",'2024'!H$3:H$500) -> 35738 | C43: =2*SUMIF('2025'!$E$3:$E$500,">0",'2025'!H$3:H$500) -> 40646 | D43: =2*SUMIF('2026'!$E$3:$E$500,">0",'2026'!H$3:H$500) -> 31066
A44: FCL loading 20' | B44: =SUMIF('2024'!$E$3:$E$500,">0",'2024'!I$3:I$500) -> 3406 | C44: =SUMIF('2025'!$E$3:$E$500,">0",'2025'!I$3:I$500) -> 3250 | D44: =SUMIF('2026'!$E$3:$E$500,">0",'2026'!I$3:I$500) -> 2668
A45: FCL loading 40' | B45: =2*SUMIF('2024'!$E$3:$E$500,">0",'2024'!J$3:J$500) -> 6266 | C45: =2*SUMIF('2025'!$E$3:$E$500,">0",'2025'!J$3:J$500) -> 8306 | D45: =2*SUMIF('2026'!$E$3:$E$500,">0",'2026'!J$3:J$500) -> 8748
A46: Empty loading 20' | B46: =SUMIF('2024'!$E$3:$E$500,">0",'2024'!K$3:K$500) -> 14544 | C46: =SUMIF('2025'!$E$3:$E$500,">0",'2025'!K$3:K$500) -> 13231 | D46: =SUMIF('2026'!$E$3:$E$500,">0",'2026'!K$3:K$500) -> 9220
A47: Empty loading 40' | B47: =2*SUMIF('2024'!$E$3:$E$500,">0",'2024'!L$3:L$500) -> 30016 | C47: =2*SUMIF('2025'!$E$3:$E$500,">0",'2025'!L$3:L$500) -> 31762 | D47: =2*SUMIF('2026'!$E$3:$E$500,">0",'2026'!L$3:L$500) -> 21590
A48: TOTAL | B48: =SUM(B42:B47) -> 108070 | C48: =SUM(C42:C47) -> 113600 | D48: =SUM(D42:D47) -> 85478
A50: TEU = twenty-foot equivalent unit; 40' containers count as 2 TEU. All values are linked live to the 2024 / 2025 / 2026 sheets and update automatically when you add new rows.
A51: Chart source – 2026 TEU by agent
A52: =A33 -> CMA | B52: =E33 -> 14758
A53: =A34 -> MAE | B53: =E34 -> 43512
A54: =A35 -> MSC | B54: =E35 -> 18781
A55: =A36 -> OBT | B55: =E36 -> 8427

Sheet 2026
A1: MONTH | B1: NO | C1: VESSEL NAME | D1: AGENT | E1: BERTHING | F1: DEPARTURE | G1: DISCHARGE | I1: FCL LOADING | K1: EMPTY LOADING | M1: HATCH COVER | N1: TOTAL TEU | O1: TOTAL CONTAINERS | P1: MONTHLY TEU | Q1: MONTH (auto) | R1: TEU (auto) | S1: CONTAINER (auto)
G2: 20 | H2: 40 | I2: 20 | J2: 40 | K2: 20 | L2: 40
A3: January | B3: =COUNTA(C3:C15) -> 13 | C3: BF ESPERANZA | D3: MAE | E3: 46022.956 | F3: 46027.493 | G3: 197 | H3: 125 | I3: 42 | J3: 77 | K3: 32 | L3: 156 | M3: 8 | N3: =G3+H3*2+I3+J3*2+K3+L3*2 -> 987 | O3: =SUM(G3:L3) -> 629 | P3: =SUM(N3:N15) -> 14666 | Q3: =IF($A3<>"",$A3,Q2) -> January | R3: =IF($E3>0,$G3+2*$H3+$I3+2*$J3+$K3+2*$L3,0) -> 987 | S3: =IF($E3>0,SUM($G3:$L3),0) -> 629
C4: MAERSK DURBAN | D4: MAE | E4: 46021.983 | F4: 46023.758 | G4: 122 | H4: 492 | I4: 0 | J4: 0 | K4: 0 | L4: 1 | M4: 35 | N4: =G4+H4*2+I4+J4*2+K4+L4*2 -> 1108 | O4: =SUM(G4:L4) -> 615 | Q4: =IF($A4<>"",$A4,Q3) -> January | R4: =IF($E4>0,$G4+2*$H4+$I4+2*$J4+$K4+2*$L4,0) -> 1108 | S4: =IF($E4>0,SUM($G4:$L4),0) -> 615
C5: JONATHAN P | D5: CMA | E5: 46027.575 | F5: 46030.613 | G5: 109 | H5: 148 | I5: 31 | J5: 53 | K5: 106 | L5: 89 | M5: 14 | N5: =G5+H5*2+I5+J5*2+K5+L5*2 -> 826 | O5: =SUM(G5:L5) -> 536 | Q5: =IF($A5<>"",$A5,Q4) -> January | R5: =IF($E5>0,$G5+2*$H5+$I5+2*$J5+$K5+2*$L5,0) -> 826 | S5: =IF($E5>0,SUM($G5:$L5),0) -> 536
C6: MSC WAVE F | D6: MSC | E6: 46027.99 | F6: 46031.039 | G6: 205 | H6: 154 | I6: 9 | J6: 8 | K6: 280 | L6: 174 | M6: 0 | N6: =G6+H6*2+I6+J6*2+K6+L6*2 -> 1166 | O6: =SUM(G6:L6) -> 830 | Q6: =IF($A6<>"",$A6,Q5) -> January | R6: =IF($E6>0,$G6+2*$H6+$I6+2*$J6+$K6+2*$L6,0) -> 1166 | S6: =IF($E6>0,SUM($G6:$L6),0) -> 830
C7: EF ELDRA | D7: MAE | E7: 46031.133 | F7: 46035.621 | G7: 84 | H7: 408 | I7: 119 | J7: 196 | K7: 109 | L7: 164 | M7: 28 | N7: =G7+H7*2+I7+J7*2+K7+L7*2 -> 1848 | O7: =SUM(G7:L7) -> 1080 | Q7: =IF($A7<>"",$A7,Q6) -> January | R7: =IF($E7>0,$G7+2*$H7+$I7+2*$J7+$K7+2*$L7,0) -> 1848 | S7: =IF($E7>0,SUM($G7:$L7),0) -> 1080
C8: AURETTE A | D8: CMA | E8: 46035.622 | F8: 46038.094 | G8: 208 | H8: 228 | I8: 2 | J8: 38 | K8: 158 | L8: 189 | M8: 22 | N8: =G8+H8*2+I8+J8*2+K8+L8*2 -> 1278 | O8: =SUM(G8:L8) -> 823 | Q8: =IF($A8<>"",$A8,Q7) -> January | R8: =IF($E8>0,$G8+2*$H8+$I8+2*$J8+$K8+2*$L8,0) -> 1278 | S8: =IF($E8>0,SUM($G8:$L8),0) -> 823
C9: MATILDE A | D9: OBT | E9: 46038.156 | F9: 46040.117 | G9: 72 | H9: 168 | I9: 1 | J9: 7 | K9: 74 | L9: 187 | M9: 14 | N9: =G9+H9*2+I9+J9*2+K9+L9*2 -> 871 | O9: =SUM(G9:L9) -> 509 | Q9: =IF($A9<>"",$A9,Q8) -> January | R9: =IF($E9>0,$G9+2*$H9+$I9+2*$J9+$K9+2*$L9,0) -> 871 | S9: =IF($E9>0,SUM($G9:$L9),0) -> 509
C10: MSC WAVE F | D10: MSC | E10: 46040.372 | F10: 46043.485 | G10: 237 | H10: 155 | I10: 4 | J10: 10 | K10: 155 | L10: 120 | M10: 0 | N10: =G10+H10*2+I10+J10*2+K10+L10*2 -> 966 | O10: =SUM(G10:L10) -> 681 | Q10: =IF($A10<>"",$A10,Q9) -> January | R10: =IF($E10>0,$G10+2*$H10+$I10+2*$J10+$K10+2*$L10,0) -> 966 | S10: =IF($E10>0,SUM($G10:$L10),0) -> 681
C11: SALGUEIRO | D11: MAE | E11: 46039.569 | F11: 46043.314 | G11: 212 | H11: 198 | I11: 32 | J11: 103 | K11: 258 | L11: 178 | M11: 26 | N11: =G11+H11*2+I11+J11*2+K11+L11*2 -> 1460 | O11: =SUM(G11:L11) -> 981 | Q11: =IF($A11<>"",$A11,Q10) -> January | R11: =IF($E11>0,$G11+2*$H11+$I11+2*$J11+$K11+2*$L11,0) -> 1460 | S11: =IF($E11>0,SUM($G11:$L11),0) -> 981
C12: LION | D12: CMA | E12: 46043.451 | F12: 46045.858 | G12: 137 | H12: 150 | I12: 0 | J12: 90 | K12: 42 | L12: 21 | M12: 24 | N12: =G12+H12*2+I12+J12*2+K12+L12*2 -> 701 | O12: =SUM(G12:L12) -> 440 | Q12: =IF($A12<>"",$A12,Q11) -> January | R12: =IF($E12>0,$G12+2*$H12+$I12+2*$J12+$K12+2*$L12,0) -> 701 | S12: =IF($E12>0,SUM($G12:$L12),0) -> 440
C13: BF ESPERANZA | D13: MAE | E13: 46043.576 | F13: 46047.506 | G13: 62 | H13: 218 | I13: 36 | J13: 96 | K13: 89 | L13: 199 | M13: 8 | N13: =G13+H13*2+I13+J13*2+K13+L13*2 -> 1213 | O13: =SUM(G13:L13) -> 700 | Q13: =IF($A13<>"",$A13,Q12) -> January | R13: =IF($E13>0,$G13+2*$H13+$I13+2*$J13+$K13+2*$L13,0) -> 1213 | S13: =IF($E13>0,SUM($G13:$L13),0) -> 700
C14: MAERSK REGENSBURG | D14: MAE | E14: 46046.664 | F14: 46050.354 | G14: 133 | H14: 266 | I14: 58 | J14: 38 | K14: 101 | L14: 292 | M14: 26 | N14: =G14+H14*2+I14+J14*2+K14+L14*2 -> 1484 | O14: =SUM(G14:L14) -> 888 | Q14: =IF($A14<>"",$A14,Q13) -> January | R14: =IF($E14>0,$G14+2*$H14+$I14+2*$J14+$K14+2*$L14,0) -> 1484 | S14: =IF($E14>0,SUM($G14:$L14),0) -> 888
C15: MSC TIANA F | D15: MSC | E15: 46048.65 | F15: 46050.946 | G15: 333 | H15: 32 | I15: 1 | J15: 0 | K15: 120 | L15: 120 | M15: 28 | N15: =G15+H15*2+I15+J15*2+K15+L15*2 -> 758 | O15: =SUM(G15:L15) -> 606 | Q15: =IF($A15<>"",$A15,Q14) -> January | R15: =IF($E15>0,$G15+2*$H15+$I15+2*$J15+$K15+2*$L15,0) -> 758 | S15: =IF($E15>0,SUM($G15:$L15),0) -> 606
A16: February | B16: =COUNTA(C16:C20) -> 5 | C16: HORIZON | D16: MAE | E16: 46053.429 | F16: 46058.033 | G16: 102 | H16: 348 | I16: 91 | J16: 200 | K16: 58 | L16: 196 | M16: 26 | N16: =G16+H16*2+I16+J16*2+K16+L16*2 -> 1739 | O16: =SUM(G16:L16) -> 995 | P16: =SUM(N16:N20) -> 5123 | Q16: =IF($A16<>"",$A16,Q15) -> February | R16: =IF($E16>0,$G16+2*$H16+$I16+2*$J16+$K16+2*$L16,0) -> 1739 | S16: =IF($E16>0,SUM($G16:$L16),0) -> 995
C17: CONTSHIP NEW | D17: MSC | E17: 46054.733 | F17: 46056.773 | G17: 207 | H17: 94 | I17: 0 | J17: 0 | K17: 195 | L17: 41 | M17: 16 | N17: =G17+H17*2+I17+J17*2+K17+L17*2 -> 672 | O17: =SUM(G17:L17) -> 537 | Q17: =IF($A17<>"",$A17,Q16) -> February | R17: =IF($E17>0,$G17+2*$H17+$I17+2*$J17+$K17+2*$L17,0) -> 672 | S17: =IF($E17>0,SUM($G17:$L17),0) -> 537
C18: MSC TIANA F | D18: MSC | E18: 46069.054 | F18: 46071.792 | G18: 330 | H18: 32 | I18: 7 | J18: 4 | K18: 396 | L18: 111 | M18: 28 | N18: =G18+H18*2+I18+J18*2+K18+L18*2 -> 1027 | O18: =SUM(G18:L18) -> 880 | Q18: =IF($A18<>"",$A18,Q17) -> February | R18: =IF($E18>0,$G18+2*$H18+$I18+2*$J18+$K18+2*$L18,0) -> 1027 | S18: =IF($E18>0,SUM($G18:$L18),0) -> 880
C19: MATILDE A | D19: OBT | E19: 46070.979 | F19: 46074.363 | G19: 86 | H19: 195 | I19: 1 | J19: 64 | K19: 80 | L19: 147 | M19: 14 | N19: =G19+H19*2+I19+J19*2+K19+L19*2 -> 979 | O19: =SUM(G19:L19) -> 573 | Q19: =IF($A19<>"",$A19,Q18) -> February | R19: =IF($E19>0,$G19+2*$H19+$I19+2*$J19+$K19+2*$L19,0) -> 979 | S19: =IF($E19>0,SUM($G19:$L19),0) -> 573
C20: MSC AMANDA F | D20: MSC | E20: 46074.451 | F20: 46076.74 | G20: 260 | H20: 96 | I20: 0 | J20: 11 | K20: 214 | L20: 9 | M20: 26 | N20: =G20+H20*2+I20+J20*2+K20+L20*2 -> 706 | O20: =SUM(G20:L20) -> 590 | Q20: =IF($A20<>"",$A20,Q19) -> February | R20: =IF($E20>0,$G20+2*$H20+$I20+2*$J20+$K20+2*$L20,0) -> 706 | S20: =IF($E20>0,SUM($G20:$L20),0) -> 590
A21: March | B21: =COUNTA(C21:C31) -> 11 | C21: MAERSK REGENSBURG | D21: MAE | E21: 46087.63 | F21: 46091.367 | G21: 71 | H21: 296 | I21: 98 | J21: 210 | K21: 16 | L21: 108 | M21: 26 | N21: =G21+H21*2+I21+J21*2+K21+L21*2 -> 1413 | O21: =SUM(G21:L21) -> 799 | P21: =SUM(N21:N31) -> 12744 | Q21: =IF($A21<>"",$A21,Q20) -> March | R21: =IF($E21>0,$G21+2*$H21+$I21+2*$J21+$K21+2*$L21,0) -> 1413 | S21: =IF($E21>0,SUM($G21:$L21),0) -> 799
C22: SALGUEIRO | D22: MAE | E22: 46078.424 | F22: 46082.269 | G22: 231 | H22: 135 | I22: 159 | J22: 198 | K22: 0 | L22: 0 | M22: 26 | N22: =G22+H22*2+I22+J22*2+K22+L22*2 -> 1056 | O22: =SUM(G22:L22) -> 723 | Q22: =IF($A22<>"",$A22,Q21) -> March | R22: =IF($E22>0,$G22+2*$H22+$I22+2*$J22+$K22+2*$L22,0) -> 1056 | S22: =IF($E22>0,SUM($G22:$L22),0) -> 723
C23: MSC WAVE F | D23: MSC | E23: 46082.372 | F23: 46083.754 | G23: 127 | H23: 62 | I23: 13 | J23: 41 | K23: 67 | L23: 8 | M23: 0 | N23: =G23+H23*2+I23+J23*2+K23+L23*2 -> 429 | O23: =SUM(G23:L23) -> 318 | Q23: =IF($A23<>"",$A23,Q22) -> March | R23: =IF($E23>0,$G23+2*$H23+$I23+2*$J23+$K23+2*$L23,0) -> 429 | S23: =IF($E23>0,SUM($G23:$L23),0) -> 318
C24: AURETTE A | D24: CMA | E24: 46083.842 | F24: 46089.049 | G24: 203 | H24: 236 | I24: 62 | J24: 136 | K24: 202 | L24: 175 | M24: 26 | N24: =G24+H24*2+I24+J24*2+K24+L24*2 -> 1561 | O24: =SUM(G24:L24) -> 1014 | Q24: =IF($A24<>"",$A24,Q23) -> March | R24: =IF($E24>0,$G24+2*$H24+$I24+2*$J24+$K24+2*$L24,0) -> 1561 | S24: =IF($E24>0,SUM($G24:$L24),0) -> 1014
C25: HORIZON | D25: MAE | E25: 46091.471 | F25: 46095.358 | G25: 234 | H25: 254 | I25: 86 | J25: 53 | K25: 41 | L25: 340 | M25: 26 | N25: =G25+H25*2+I25+J25*2+K25+L25*2 -> 1655 | O25: =SUM(G25:L25) -> 1008 | Q25: =IF($A25<>"",$A25,Q24) -> March | R25: =IF($E25>0,$G25+2*$H25+$I25+2*$J25+$K25+2*$L25,0) -> 1655 | S25: =IF($E25>0,SUM($G25:$L25),0) -> 1008
C26: MATILDE A | D26: OBT | E26: 46096.386 | F26: 46098.344 | G26: 68 | H26: 216 | I26: 1 | J26: 100 | K26: 54 | L26: 90 | M26: 16 | N26: =G26+H26*2+I26+J26*2+K26+L26*2 -> 935 | O26: =SUM(G26:L26) -> 529 | Q26: =IF($A26<>"",$A26,Q25) -> March | R26: =IF($E26>0,$G26+2*$H26+$I26+2*$J26+$K26+2*$L26,0) -> 935 | S26: =IF($E26>0,SUM($G26:$L26),0) -> 529
C27: CONTSHIP GIN | D27: CMA | E27: 46099.021 | F27: 46103.812 | G27: 103 | H27: 273 | I27: 1 | J27: 23 | K27: 203 | L27: 219 | M27: 28 | N27: =G27+H27*2+I27+J27*2+K27+L27*2 -> 1337 | O27: =SUM(G27:L27) -> 822 | Q27: =IF($A27<>"",$A27,Q26) -> March | R27: =IF($E27>0,$G27+2*$H27+$I27+2*$J27+$K27+2*$L27,0) -> 1337 | S27: =IF($E27>0,SUM($G27:$L27),0) -> 822
C28: SALGUEIRO | D28: MAE | E28: 46102.438 | F28: 46105.844 | G28: 215 | H28: 218 | I28: 78 | J28: 107 | K28: 6 | L28: 186 | M28: 26 | N28: =G28+H28*2+I28+J28*2+K28+L28*2 -> 1321 | O28: =SUM(G28:L28) -> 810 | Q28: =IF($A28<>"",$A28,Q27) -> March | R28: =IF($E28>0,$G28+2*$H28+$I28+2*$J28+$K28+2*$L28,0) -> 1321 | S28: =IF($E28>0,SUM($G28:$L28),0) -> 810
C29: MSC TIANA F | D29: MSC | E29: 46105.979 | F29: 46109.396 | G29: 204 | H29: 231 | I29: 11 | J29: 99 | K29: 475 | L29: 52 | M29: 28 | N29: =G29+H29*2+I29+J29*2+K29+L29*2 -> 1454 | O29: =SUM(G29:L29) -> 1072 | Q29: =IF($A29<>"",$A29,Q28) -> March | R29: =IF($E29>0,$G29+2*$H29+$I29+2*$J29+$K29+2*$L29,0) -> 1454 | S29: =IF($E29>0,SUM($G29:$L29),0) -> 1072
C30: MAERSK REGENSBURG | D30: MAE | E30: 46107.5 | F30: 46110.096 | G30: 207 | H30: 204 | I30: 0 | J30: 41 | K30: 206 | L30: 141 | M30: 26 | N30: =G30+H30*2+I30+J30*2+K30+L30*2 -> 1185 | O30: =SUM(G30:L30) -> 799 | Q30: =IF($A30<>"",$A30,Q29) -> March | R30: =IF($E30>0,$G30+2*$H30+$I30+2*$J30+$K30+2*$L30,0) -> 1185 | S30: =IF($E30>0,SUM($G30:$L30),0) -> 799
C31: MSC WAVE F | D31: MSC | E31: 46110.226 | F31: 46111.354 | G31: 101 | H31: 89 | I31: 2 | J31: 2 | K31: 77 | L31: 18 | M31: 0 | N31: =G31+H31*2+I31+J31*2+K31+L31*2 -> 398 | O31: =SUM(G31:L31) -> 289 | Q31: =IF($A31<>"",$A31,Q30) -> March | R31: =IF($E31>0,$G31+2*$H31+$I31+2*$J31+$K31+2*$L31,0) -> 398 | S31: =IF($E31>0,SUM($G31:$L31),0) -> 289
A32: April | B32: =COUNTA(C32:C41) -> 10 | C32: MARTI SPIRIT | D32: MAE | E32: 46111.433 | F32: 46113.146 | G32: 184 | H32: 319 | I32: 0 | J32: 0 | K32: 50 | L32: 100 | M32: 28 | N32: =G32+H32*2+I32+J32*2+K32+L32*2 -> 1072 | O32: =SUM(G32:L32) -> 653 | P32: =SUM(N32:N41) -> 12671 | Q32: =IF($A32<>"",$A32,Q31) -> April | R32: =IF($E32>0,$G32+2*$H32+$I32+2*$J32+$K32+2*$L32,0) -> 1072 | S32: =IF($E32>0,SUM($G32:$L32),0) -> 653
C33: HORIZON | D33: MAE | E33: 46117.738 | F33: 46120.367 | G33: 75 | H33: 361 | I33: 10 | J33: 101 | K33: 217 | L33: 109 | M33: 24 | N33: =G33+H33*2+I33+J33*2+K33+L33*2 -> 1444 | O33: =SUM(G33:L33) -> 873 | Q33: =IF($A33<>"",$A33,Q32) -> April | R33: =IF($E33>0,$G33+2*$H33+$I33+2*$J33+$K33+2*$L33,0) -> 1444 | S33: =IF($E33>0,SUM($G33:$L33),0) -> 873
C34: AURETTE A | D34: CMA | E34: 46120.431 | F34: 46123.028 | G34: 170 | H34: 176 | I34: 10 | J34: 39 | K34: 122 | L34: 225 | M34: 20 | N34: =G34+H34*2+I34+J34*2+K34+L34*2 -> 1182 | O34: =SUM(G34:L34) -> 742 | Q34: =IF($A34<>"",$A34,Q33) -> April | R34: =IF($E34>0,$G34+2*$H34+$I34+2*$J34+$K34+2*$L34,0) -> 1182 | S34: =IF($E34>0,SUM($G34:$L34),0) -> 742
C35: MSC TIANA F | D35: MSC | E35: 46123.125 | F35: 46126.458 | G35: 232 | H35: 206 | I35: 2 | J35: 7 | K35: 216 | L35: 256 | M35: 28 | N35: =G35+H35*2+I35+J35*2+K35+L35*2 -> 1388 | O35: =SUM(G35:L35) -> 919 | Q35: =IF($A35<>"",$A35,Q34) -> April | R35: =IF($E35>0,$G35+2*$H35+$I35+2*$J35+$K35+2*$L35,0) -> 1388 | S35: =IF($E35>0,SUM($G35:$L35),0) -> 919
C36: SALGUEIRO | D36: MAE | E36: 46123.448 | F36: 46127.218 | G36: 112 | H36: 306 | I36: 106 | J36: 103 | K36: 184 | L36: 204 | M36: 26 | N36: =G36+H36*2+I36+J36*2+K36+L36*2 -> 1628 | O36: =SUM(G36:L36) -> 1015 | Q36: =IF($A36<>"",$A36,Q35) -> April | R36: =IF($E36>0,$G36+2*$H36+$I36+2*$J36+$K36+2*$L36,0) -> 1628 | S36: =IF($E36>0,SUM($G36:$L36),0) -> 1015
C37: MATILDE A | D37: OBT | E37: 46126.554 | F37: 46128.883 | G37: 123 | H37: 296 | I37: 4 | J37: 8 | K37: 93 | L37: 212 | M37: 26 | N37: =G37+H37*2+I37+J37*2+K37+L37*2 -> 1252 | O37: =SUM(G37:L37) -> 736 | Q37: =IF($A37<>"",$A37,Q36) -> April | R37: =IF($E37>0,$G37+2*$H37+$I37+2*$J37+$K37+2*$L37,0) -> 1252 | S37: =IF($E37>0,SUM($G37:$L37),0) -> 736
C38: BF ESPERANZA | D38: MAE | E38: 46127.854 | F38: 46130.104 | G38: 86 | H38: 258 | I38: 22 | J38: 77 | K38: 1 | L38: 0 | M38: 8 | N38: =G38+H38*2+I38+J38*2+K38+L38*2 -> 779 | O38: =SUM(G38:L38) -> 444 | Q38: =IF($A38<>"",$A38,Q37) -> April | R38: =IF($E38>0,$G38+2*$H38+$I38+2*$J38+$K38+2*$L38,0) -> 779 | S38: =IF($E38>0,SUM($G38:$L38),0) -> 444
C39: EF ELDRA | D39: MAE | E39: 46128.969 | F39: 46132.781 | G39: 91 | H39: 383 | I39: 0 | J39: 0 | K39: 152 | L39: 337 | M39: 28 | N39: =G39+H39*2+I39+J39*2+K39+L39*2 -> 1683 | O39: =SUM(G39:L39) -> 963 | Q39: =IF($A39<>"",$A39,Q38) -> April | R39: =IF($E39>0,$G39+2*$H39+$I39+2*$J39+$K39+2*$L39,0) -> 1683 | S39: =IF($E39>0,SUM($G39:$L39),0) -> 963
C40: CONTSHIP GIN | D40: CMA | E40: 46132.938 | F40: 46137.076 | G40: 147 | H40: 311 | I40: 1 | J40: 0 | K40: 114 | L40: 153 | M40: 28 | N40: =G40+H40*2+I40+J40*2+K40+L40*2 -> 1190 | O40: =SUM(G40:L40) -> 726 | Q40: =IF($A40<>"",$A40,Q39) -> April | R40: =IF($E40>0,$G40+2*$H40+$I40+2*$J40+$K40+2*$L40,0) -> 1190 | S40: =IF($E40>0,SUM($G40:$L40),0) -> 726
C41: MSC WAVE F | D41: MSC | E41: 46137.167 | F41: 46139.729 | G41: 220 | H41: 143 | I41: 5 | J41: 21 | K41: 234 | L41: 133 | M41: 0 | N41: =G41+H41*2+I41+J41*2+K41+L41*2 -> 1053 | O41: =SUM(G41:L41) -> 756 | Q41: =IF($A41<>"",$A41,Q40) -> April | R41: =IF($E41>0,$G41+2*$H41+$I41+2*$J41+$K41+2*$L41,0) -> 1053 | S41: =IF($E41>0,SUM($G41:$L41),0) -> 756
A42: May | B42: =COUNTA(C42:C51) -> 10 | C42: HORIZON | D42: MAE | E42: 46139.817 | F42: 46145.217 | G42: 174 | H42: 291 | I42: 66 | J42: 105 | K42: 67 | L42: 259 | M42: 26 | N42: =G42+H42*2+I42+J42*2+K42+L42*2 -> 1617 | O42: =SUM(G42:L42) -> 962 | P42: =SUM(N42:N51) -> 10628 | Q42: =IF($A42<>"",$A42,Q41) -> May | R42: =IF($E42>0,$G42+2*$H42+$I42+2*$J42+$K42+2*$L42,0) -> 1617 | S42: =IF($E42>0,SUM($G42:$L42),0) -> 962
C43: BF ESPERANZA | D43: MAE | E43: 46150.988 | F43: 46154.431 | G43: 66 | H43: 260 | I43: 78 | J43: 112 | K43: 105 | L43: 158 | M43: 8 | N43: =G43+H43*2+I43+J43*2+K43+L43*2 -> 1309 | O43: =SUM(G43:L43) -> 779 | Q43: =IF($A43<>"",$A43,Q42) -> May | R43: =IF($E43>0,$G43+2*$H43+$I43+2*$J43+$K43+2*$L43,0) -> 1309 | S43: =IF($E43>0,SUM($G43:$L43),0) -> 779
C44: SALGUEIRO | D44: MAE | E44: 46154.5 | F44: 46157.892 | G44: 155 | H44: 284 | I44: 53 | J44: 89 | K44: 107 | L44: 255 | M44: 26 | N44: =G44+H44*2+I44+J44*2+K44+L44*2 -> 1571 | O44: =SUM(G44:L44) -> 943 | Q44: =IF($A44<>"",$A44,Q43) -> May | R44: =IF($E44>0,$G44+2*$H44+$I44+2*$J44+$K44+2*$L44,0) -> 1571 | S44: =IF($E44>0,SUM($G44:$L44),0) -> 943
C45: MSC TIANA F | D45: MSC | E45: 46151.821 | F45: 46156.722 | G45: 215 | H45: 197 | I45: 17 | J45: 71 | K45: 230 | L45: 106 | M45: 28 | N45: =G45+H45*2+I45+J45*2+K45+L45*2 -> 1210 | O45: =SUM(G45:L45) -> 836 | Q45: =IF($A45<>"",$A45,Q44) -> May | R45: =IF($E45>0,$G45+2*$H45+$I45+2*$J45+$K45+2*$L45,0) -> 1210 | S45: =IF($E45>0,SUM($G45:$L45),0) -> 836
C46: MATILDE A | D46: OBT | E46: 46157.508 | F46: 46159.542 | G46: 130 | H46: 189 | I46: 2 | J46: 4 | K46: 102 | L46: 225 | M46: 16 | N46: =G46+H46*2+I46+J46*2+K46+L46*2 -> 1070 | O46: =SUM(G46:L46) -> 652 | Q46: =IF($A46<>"",$A46,Q45) -> May | R46: =IF($E46>0,$G46+2*$H46+$I46+2*$J46+$K46+2*$L46,0) -> 1070 | S46: =IF($E46>0,SUM($G46:$L46),0) -> 652
C47: CONTSHIP GIN | D47: CMA | E47: 46159.892 | F47: 46162.979 | G47: 74 | H47: 138 | I47: 0 | J47: 1 | K47: 128 | L47: 237 | M47: 28 | N47: =G47+H47*2+I47+J47*2+K47+L47*2 -> 954 | O47: =SUM(G47:L47) -> 578 | Q47: =IF($A47<>"",$A47,Q46) -> May | R47: =IF($E47>0,$G47+2*$H47+$I47+2*$J47+$K47+2*$L47,0) -> 954 | S47: =IF($E47>0,SUM($G47:$L47),0) -> 578
C48: AURETTE A | D48: CMA | E48: 46160.861 | F48: 46162.703 | G48: 132 | H48: 113 | I48: 52 | J48: 32 | K48: 2 | L48: 70 | M48: 14 | N48: =G48+H48*2+I48+J48*2+K48+L48*2 -> 616 | O48: =SUM(G48:L48) -> 401 | Q48: =IF($A48<>"",$A48,Q47) -> May | R48: =IF($E48>0,$G48+2*$H48+$I48+2*$J48+$K48+2*$L48,0) -> 616 | S48: =IF($E48>0,SUM($G48:$L48),0) -> 401
C49: MEDKON FUN | D49: MAE | E49: 46162.938 | F49: 46167.396 | G49: 140 | H49: 198 | I49: 28 | J49: 24 | K49: 86 | L49: 10 | M49: 28 | N49: =G49+H49*2+I49+J49*2+K49+L49*2 -> 718 | O49: =SUM(G49:L49) -> 486 | Q49: =IF($A49<>"",$A49,Q48) -> May | R49: =IF($E49>0,$G49+2*$H49+$I49+2*$J49+$K49+2*$L49,0) -> 718 | S49: =IF($E49>0,SUM($G49:$L49),0) -> 486
C50: MSC TIANA F | D50: MSC | E50: 46164.713 | F50: 46167.567 | G50: 275 | H50: 81 | I50: 15 | J50: 84 | K50: 198 | L50: 78 | M50: 28 | N50: =G50+H50*2+I50+J50*2+K50+L50*2 -> 974 | O50: =SUM(G50:L50) -> 731 | Q50: =IF($A50<>"",$A50,Q49) -> May | R50: =IF($E50>0,$G50+2*$H50+$I50+2*$J50+$K50+2*$L50,0) -> 974 | S50: =IF($E50>0,SUM($G50:$L50),0) -> 731
C51: JONATHAN P | D51: CMA | E51: 46170.546 | F51: 46173.471 | G51: 84 | H51: 73 | I51: 57 | J51: 1 | K51: 32 | L51: 134 | M51: 20 | N51: =G51+H51*2+I51+J51*2+K51+L51*2 -> 589 | O51: =SUM(G51:L51) -> 381 | Q51: =IF($A51<>"",$A51,Q50) -> May | R51: =IF($E51>0,$G51+2*$H51+$I51+2*$J51+$K51+2*$L51,0) -> 589 | S51: =IF($E51>0,SUM($G51:$L51),0) -> 381
A52: June | B52: =COUNTA(C52:C64) -> 13 | C52: HORIZON | D52: MAE | E52: 46170.479 | F52: 46175.083 | G52: 166 | H52: 341 | I52: 90 | J52: 151 | K52: 17 | L52: 241 | M52: 26 | N52: =G52+H52*2+I52+J52*2+K52+L52*2 -> 1739 | O52: =SUM(G52:L52) -> 1006 | P52: =SUM(N52:N64) -> 15639 | Q52: =IF($A52<>"",$A52,Q51) -> June | R52: =IF($E52>0,$G52+2*$H52+$I52+2*$J52+$K52+2*$L52,0) -> 1739 | S52: =IF($E52>0,SUM($G52:$L52),0) -> 1006
C53: MARTI SPIRIT | D53: MAE | E53: 46173.833 | F53: 46181.471 | G53: 134 | H53: 383 | I53: 85 | J53: 59 | K53: 68 | L53: 304 | M53: 28 | N53: =G53+H53*2+I53+J53*2+K53+L53*2 -> 1779 | O53: =SUM(G53:L53) -> 1033 | Q53: =IF($A53<>"",$A53,Q52) -> June | R53: =IF($E53>0,$G53+2*$H53+$I53+2*$J53+$K53+2*$L53,0) -> 1779 | S53: =IF($E53>0,SUM($G53:$L53),0) -> 1033
C54: CONTSHIP NEW | D54: MSC | E54: 46175.167 | F54: 46180.789 | G54: 220 | H54: 191 | I54: 0 | J54: 0 | K54: 0 | L54: 30 | M54: 22 | N54: =G54+H54*2+I54+J54*2+K54+L54*2 -> 662 | O54: =SUM(G54:L54) -> 441 | Q54: =IF($A54<>"",$A54,Q53) -> June | R54: =IF($E54>0,$G54+2*$H54+$I54+2*$J54+$K54+2*$L54,0) -> 662 | S54: =IF($E54>0,SUM($G54:$L54),0) -> 441
C55: MATILDE A | D55: OBT | E55: 46180.861 | F55: 46183.594 | G55: 108 | H55: 299 | I55: 16 | J55: 28 | K55: 127 | L55: 190 | M55: 20 | N55: =G55+H55*2+I55+J55*2+K55+L55*2 -> 1285 | O55: =SUM(G55:L55) -> 768 | Q55: =IF($A55<>"",$A55,Q54) -> June | R55: =IF($E55>0,$G55+2*$H55+$I55+2*$J55+$K55+2*$L55,0) -> 1285 | S55: =IF($E55>0,SUM($G55:$L55),0) -> 768
C56: SALGUEIRO | D56: MAE | E56: 46183.747 | F56: 46186.833 | G56: 66 | H56: 355 | I56: 52 | J56: 83 | K56: 32 | L56: 266 | M56: 26 | N56: =G56+H56*2+I56+J56*2+K56+L56*2 -> 1558 | O56: =SUM(G56:L56) -> 854 | Q56: =IF($A56<>"",$A56,Q55) -> June | R56: =IF($E56>0,$G56+2*$H56+$I56+2*$J56+$K56+2*$L56,0) -> 1558 | S56: =IF($E56>0,SUM($G56:$L56),0) -> 854
C57: MSC TIANA F | D57: MSC | E57: 46186.974 | F57: 46190.365 | G57: 269 | H57: 53 | I57: 11 | J57: 74 | K57: 317 | L57: 74 | M57: 28 | N57: =G57+H57*2+I57+J57*2+K57+L57*2 -> 999 | O57: =SUM(G57:L57) -> 798 | Q57: =IF($A57<>"",$A57,Q56) -> June | R57: =IF($E57>0,$G57+2*$H57+$I57+2*$J57+$K57+2*$L57,0) -> 999 | S57: =IF($E57>0,SUM($G57:$L57),0) -> 798
C58: CONTSHIP GIN | D58: CMA | E58: 46186.883 | F58: 46190.701 | G58: 195 | H58: 219 | I58: 51 | J58: 3 | K58: 76 | L58: 119 | M58: 28 | N58: =G58+H58*2+I58+J58*2+K58+L58*2 -> 1004 | O58: =SUM(G58:L58) -> 663 | Q58: =IF($A58<>"",$A58,Q57) -> June | R58: =IF($E58>0,$G58+2*$H58+$I58+2*$J58+$K58+2*$L58,0) -> 1004 | S58: =IF($E58>0,SUM($G58:$L58),0) -> 663
C59: MSC WAVE F | D59: MSC | E59: 46190.479 | F59: 46193.701 | G59: 240 | H59: 134 | I59: 34 | J59: 16 | K59: 257 | L59: 16 | M59: 0 | N59: =G59+H59*2+I59+J59*2+K59+L59*2 -> 863 | O59: =SUM(G59:L59) -> 697 | Q59: =IF($A59<>"",$A59,Q58) -> June | R59: =IF($E59>0,$G59+2*$H59+$I59+2*$J59+$K59+2*$L59,0) -> 863 | S59: =IF($E59>0,SUM($G59:$L59),0) -> 697
C60: AURETTE A | D60: CMA | E60: 46190.792 | F60: 46192.944 | G60: 142 | H60: 99 | I60: 1 | J60: 0 | K60: 66 | L60: 75 | M60: 10 | N60: =G60+H60*2+I60+J60*2+K60+L60*2 -> 557 | O60: =SUM(G60:L60) -> 383 | Q60: =IF($A60<>"",$A60,Q59) -> June | R60: =IF($E60>0,$G60+2*$H60+$I60+2*$J60+$K60+2*$L60,0) -> 557 | S60: =IF($E60>0,SUM($G60:$L60),0) -> 383
C61: HORIZON | D61: MAE | E61: 46193.029 | F61: 46197.492 | G61: 214 | H61: 318 | I61: 163 | J61: 159 | K61: 1 | L61: 194 | M61: 26 | N61: =G61+H61*2+I61+J61*2+K61+L61*2 -> 1720 | O61: =SUM(G61:L61) -> 1049 | Q61: =IF($A61<>"",$A61,Q60) -> June | R61: =IF($E61>0,$G61+2*$H61+$I61+2*$J61+$K61+2*$L61,0) -> 1720 | S61: =IF($E61>0,SUM($G61:$L61),0) -> 1049
C62: JONATHAN P | D62: CMA | E62: 46196.115 | F62: 46198.302 | G62: 129 | H62: 125 | I62: 10 | J62: 4 | K62: 106 | L62: 112 | M62: 12 | N62: =G62+H62*2+I62+J62*2+K62+L62*2 -> 727 | O62: =SUM(G62:L62) -> 486 | Q62: =IF($A62<>"",$A62,Q61) -> June | R62: =IF($E62>0,$G62+2*$H62+$I62+2*$J62+$K62+2*$L62,0) -> 727 | S62: =IF($E62>0,SUM($G62:$L62),0) -> 486
C63: MARTI SPIRIT | D63: MAE | E63: 46197.646 | F63: 46203.4 | G63: 237 | H63: 312 | I63: 60 | J63: 7 | K63: 69 | L63: 402 | M63: 28 | N63: =G63+H63*2+I63+J63*2+K63+L63*2 -> 1808 | O63: =SUM(G63:L63) -> 1087 | Q63: =IF($A63<>"",$A63,Q62) -> June | R63: =IF($E63>0,$G63+2*$H63+$I63+2*$J63+$K63+2*$L63,0) -> 1808 | S63: =IF($E63>0,SUM($G63:$L63),0) -> 1087
C64: MATILDE A | D64: OBT | E64: 46198.375 | F64: 46200.861 | G64: 34 | H64: 178 | I64: 10 | J64: 22 | K64: 72 | L64: 211 | M64: 12 | N64: =G64+H64*2+I64+J64*2+K64+L64*2 -> 938 | O64: =SUM(G64:L64) -> 527 | Q64: =IF($A64<>"",$A64,Q63) -> June | R64: =IF($E64>0,$G64+2*$H64+$I64+2*$J64+$K64+2*$L64,0) -> 938 | S64: =IF($E64>0,SUM($G64:$L64),0) -> 527
A65: July | B65: =COUNTA(C65:C71) -> 7 | C65: MSC TIANA F | D65: MSC | E65: 46203.549 | F65: 46209.942 | G65: 294 | H65: 63 | I65: 76 | J65: 177 | K65: 255 | L65: 15 | M65: 28 | N65: =G65+H65*2+I65+J65*2+K65+L65*2 -> 1135 | O65: =SUM(G65:L65) -> 880 | P65: =SUM(N65:N71) -> 8283 | Q65: =IF($A65<>"",$A65,Q64) -> July | R65: =IF($E65>0,$G65+2*$H65+$I65+2*$J65+$K65+2*$L65,0) -> 1135 | S65: =IF($E65>0,SUM($G65:$L65),0) -> 880
C66: SALGUEIRO | D66: MAE | E66: 46213.474 | F66: 46216.521 | G66: 98 | H66: 303 | I66: 64 | J66: 132 | K66: 194 | L66: 116 | M66: 26 | N66: =G66+H66*2+I66+J66*2+K66+L66*2 -> 1458 | O66: =SUM(G66:L66) -> 907 | Q66: =IF($A66<>"",$A66,Q65) -> July | R66: =IF($E66>0,$G66+2*$H66+$I66+2*$J66+$K66+2*$L66,0) -> 1458 | S66: =IF($E66>0,SUM($G66:$L66),0) -> 907
C67: MSC WAVE F | D67: MSC | E67: 46216.81 | F67: 46219.389 | G67: 183 | H67: 168 | I67: 6 | J67: 40 | K67: 300 | L67: 117 | M67: 0 | N67: =G67+H67*2+I67+J67*2+K67+L67*2 -> 1139 | O67: =SUM(G67:L67) -> 814 | Q67: =IF($A67<>"",$A67,Q66) -> July | R67: =IF($E67>0,$G67+2*$H67+$I67+2*$J67+$K67+2*$L67,0) -> 1139 | S67: =IF($E67>0,SUM($G67:$L67),0) -> 814
C68: HORIZON | D68: MAE | E68: 46219.45 | F68: 46223.258 | G68: 145 | H68: 318 | I68: 170 | J68: 123 | K68: 10 | L68: 162 | M68: 26 | N68: =G68+H68*2+I68+J68*2+K68+L68*2 -> 1531 | O68: =SUM(G68:L68) -> 928 | Q68: =IF($A68<>"",$A68,Q67) -> July | R68: =IF($E68>0,$G68+2*$H68+$I68+2*$J68+$K68+2*$L68,0) -> 1531 | S68: =IF($E68>0,SUM($G68:$L68),0) -> 928
C69: BF ESPERANZA | D69: MAE | E69: 46223.49 | F69: 46229 | G69: 121 | H69: 229 | I69: 72 | J69: 207 | K69: 14 | L69: 5 | M69: 8 | N69: =G69+H69*2+I69+J69*2+K69+L69*2 -> 1089 | O69: =SUM(G69:L69) -> 648 | Q69: =IF($A69<>"",$A69,Q68) -> July | R69: =IF($E69>0,$G69+2*$H69+$I69+2*$J69+$K69+2*$L69,0) -> 1089 | S69: =IF($E69>0,SUM($G69:$L69),0) -> 648
C70: JONATHAN P | D70: CMA | E70: 46229 | F70: 46234 | G70: 228 | H70: 224 | I70: 46 | J70: 12 | K70: 206 | L70: 212 | M70: 20 | N70: =G70+H70*2+I70+J70*2+K70+L70*2 -> 1376 | O70: =SUM(G70:L70) -> 928 | Q70: =IF($A70<>"",$A70,Q69) -> July | R70: =IF($E70>0,$G70+2*$H70+$I70+2*$J70+$K70+2*$L70,0) -> 1376 | S70: =IF($E70>0,SUM($G70:$L70),0) -> 928
C71: MSC TIANA F | D71: MSC | E71: 46224 | F71: 46226 | G71: 332 | H71: 22 | I71: 3 | J71: 1 | L71: 87 | N71: =G71+H71*2+I71+J71*2+K71+L71*2 -> 555 | O71: =SUM(G71:L71) -> 445 | Q71: =IF($A71<>"",$A71,Q70) -> July | R71: =IF($E71>0,$G71+2*$H71+$I71+2*$J71+$K71+2*$L71,0) -> 555 | S71: =IF($E71>0,SUM($G71:$L71),0) -> 445
A72: August | B72: =COUNTA(C72:C81) -> 5 | C72: SALGUEIRO | D72: MAE | E72: 46236 | F72: 46240 | G72: 198 | H72: 241 | I72: 74 | J72: 75 | K72: 118 | L72: 228 | M72: 26 | N72: =IF($E72>0,G72+H72*2+I72+J72*2+K72+L72*2,"") -> 1478 | O72: =IF($E72>0,SUM(G72:L72),"") -> 934 | P72: =SUM(N72:N81) -> 5724 | Q72: =IF($A72<>"",$A72,Q71) -> August | R72: =IF($E72>0,$G72+2*$H72+$I72+2*$J72+$K72+2*$L72,0) -> 1478 | S72: =IF($E72>0,SUM($G72:$L72),0) -> 934
C73: MSC WAVE F | D73: MSC | E73: 46237 | F73: 46240 | G73: 282 | H73: 125 | I73: 4 | J73: 5 | K73: 523 | L73: 79 | N73: =IF($E73>0,G73+H73*2+I73+J73*2+K73+L73*2,"") -> 1227 | O73: =IF($E73>0,SUM(G73:L73),"") -> 1018 | Q73: =IF($A73<>"",$A73,Q72) -> August | R73: =IF($E73>0,$G73+2*$H73+$I73+2*$J73+$K73+2*$L73,0) -> 1227 | S73: =IF($E73>0,SUM($G73:$L73),0) -> 1018
C74: JONATHAN P | D74: CMA | E74: 46240 | F74: 46243 | G74: 149 | H74: 136 | I74: 5 | J74: 6 | K74: 68 | L74: 177 | M74: 14 | N74: =IF($E74>0,G74+H74*2+I74+J74*2+K74+L74*2,"") -> 860 | O74: =IF($E74>0,SUM(G74:L74),"") -> 541 | Q74: =IF($A74<>"",$A74,Q73) -> August | R74: =IF($E74>0,$G74+2*$H74+$I74+2*$J74+$K74+2*$L74,0) -> 860 | S74: =IF($E74>0,SUM($G74:$L74),0) -> 541
C75: MATILDE A | D75: OBT | E75: 46234 | F75: 46236 | G75: 41 | H75: 255 | I75: 31 | J75: 31 | K75: 39 | L75: 207 | M75: 16 | N75: =IF($E75>0,G75+H75*2+I75+J75*2+K75+L75*2,"") -> 1097 | O75: =IF($E75>0,SUM(G75:L75),"") -> 604 | Q75: =IF($A75<>"",$A75,Q74) -> August | R75: =IF($E75>0,$G75+2*$H75+$I75+2*$J75+$K75+2*$L75,0) -> 1097 | S75: =IF($E75>0,SUM($G75:$L75),0) -> 604
C76: BF CARODA | D76: MAE | E76: 46237 | F76: 46244 | G76: 216 | H76: 138 | I76: 61 | J76: 75 | K76: 31 | L76: 164 | M76: 8 | N76: =IF($E76>0,G76+H76*2+I76+J76*2+K76+L76*2,"") -> 1062 | O76: =IF($E76>0,SUM(G76:L76),"") -> 685 | Q76: =IF($A76<>"",$A76,Q75) -> August | R76: =IF($E76>0,$G76+2*$H76+$I76+2*$J76+$K76+2*$L76,0) -> 1062 | S76: =IF($E76>0,SUM($G76:$L76),0) -> 685
N77: =IF($E77>0,G77+H77*2+I77+J77*2+K77+L77*2,"") | O77: =IF($E77>0,SUM(G77:L77),"") | Q77: =IF($A77<>"",$A77,Q76) -> August | R77: =IF($E77>0,$G77+2*$H77+$I77+2*$J77+$K77+2*$L77,0) -> 0 | S77: =IF($E77>0,SUM($G77:$L77),0) -> 0
N78: =IF($E78>0,G78+H78*2+I78+J78*2+K78+L78*2,"") | O78: =IF($E78>0,SUM(G78:L78),"") | Q78: =IF($A78<>"",$A78,Q77) -> August | R78: =IF($E78>0,$G78+2*$H78+$I78+2*$J78+$K78+2*$L78,0) -> 0 | S78: =IF($E78>0,SUM($G78:$L78),0) -> 0
N79: =IF($E79>0,G79+H79*2+I79+J79*2+K79+L79*2,"") | O79: =IF($E79>0,SUM(G79:L79),"") | Q79: =IF($A79<>"",$A79,Q78) -> August | R79: =IF($E79>0,$G79+2*$H79+$I79+2*$J79+$K79+2*$L79,0) -> 0 | S79: =IF($E79>0,SUM($G79:$L79),0) -> 0
N80: =IF($E80>0,G80+H80*2+I80+J80*2+K80+L80*2,"") | O80: =IF($E80>0,SUM(G80:L80),"") | Q80: =IF($A80<>"",$A80,Q79) -> August | R80: =IF($E80>0,$G80+2*$H80+$I80+2*$J80+$K80+2*$L80,0) -> 0 | S80: =IF($E80>0,SUM($G80:$L80),0) -> 0
N81: =IF($E81>0,G81+H81*2+I81+J81*2+K81+L81*2,"") | O81: =IF($E81>0,SUM(G81:L81),"") | Q81: =IF($A81<>"",$A81,Q80) -> August | R81: =IF($E81>0,$G81+2*$H81+$I81+2*$J81+$K81+2*$L81,0) -> 0 | S81: =IF($E81>0,SUM($G81:$L81),0) -> 0
A82: September | B82: =COUNTA(C82:C91) -> 0 | N82: =IF($E82>0,G82+H82*2+I82+J82*2+K82+L82*2,"") | O82: =IF($E82>0,SUM(G82:L82),"") | P82: =SUM(N82:N91) -> 0 | Q82: =IF($A82<>"",$A82,Q81) -> September | R82: =IF($E82>0,$G82+2*$H82+$I82+2*$J82+$K82+2*$L82,0) -> 0 | S82: =IF($E82>0,SUM($G82:$L82),0) -> 0
N83: =IF($E83>0,G83+H83*2+I83+J83*2+K83+L83*2,"") | O83: =IF($E83>0,SUM(G83:L83),"") | Q83: =IF($A83<>"",$A83,Q82) -> September | R83: =IF($E83>0,$G83+2*$H83+$I83+2*$J83+$K83+2*$L83,0) -> 0 | S83: =IF($E83>0,SUM($G83:$L83),0) -> 0
N84: =IF($E84>0,G84+H84*2+I84+J84*2+K84+L84*2,"") | O84: =IF($E84>0,SUM(G84:L84),"") | Q84: =IF($A84<>"",$A84,Q83) -> September | R84: =IF($E84>0,$G84+2*$H84+$I84+2*$J84+$K84+2*$L84,0) -> 0 | S84: =IF($E84>0,SUM($G84:$L84),0) -> 0
N85: =IF($E85>0,G85+H85*2+I85+J85*2+K85+L85*2,"") | O85: =IF($E85>0,SUM(G85:L85),"") | Q85: =IF($A85<>"",$A85,Q84) -> September | R85: =IF($E85>0,$G85+2*$H85+$I85+2*$J85+$K85+2*$L85,0) -> 0 | S85: =IF($E85>0,SUM($G85:$L85),0) -> 0
N86: =IF($E86>0,G86+H86*2+I86+J86*2+K86+L86*2,"") | O86: =IF($E86>0,SUM(G86:L86),"") | Q86: =IF($A86<>"",$A86,Q85) -> September | R86: =IF($E86>0,$G86+2*$H86+$I86+2*$J86+$K86+2*$L86,0) -> 0 | S86: =IF($E86>0,SUM($G86:$L86),0) -> 0
N87: =IF($E87>0,G87+H87*2+I87+J87*2+K87+L87*2,"") | O87: =IF($E87>0,SUM(G87:L87),"") | Q87: =IF($A87<>"",$A87,Q86) -> September | R87: =IF($E87>0,$G87+2*$H87+$I87+2*$J87+$K87+2*$L87,0) -> 0 | S87: =IF($E87>0,SUM($G87:$L87),0) -> 0
N88: =IF($E88>0,G88+H88*2+I88+J88*2+K88+L88*2,"") | O88: =IF($E88>0,SUM(G88:L88),"") | Q88: =IF($A88<>"",$A88,Q87) -> September | R88: =IF($E88>0,$G88+2*$H88+$I88+2*$J88+$K88+2*$L88,0) -> 0 | S88: =IF($E88>0,SUM($G88:$L88),0) -> 0
N89: =IF($E89>0,G89+H89*2+I89+J89*2+K89+L89*2,"") | O89: =IF($E89>0,SUM(G89:L89),"") | Q89: =IF($A89<>"",$A89,Q88) -> September | R89: =IF($E89>0,$G89+2*$H89+$I89+2*$J89+$K89+2*$L89,0) -> 0 | S89: =IF($E89>0,SUM($G89:$L89),0) -> 0
N90: =IF($E90>0,G90+H90*2+I90+J90*2+K90+L90*2,"") | O90: =IF($E90>0,SUM(G90:L90),"") | Q90: =IF($A90<>"",$A90,Q89) -> September | R90: =IF($E90>0,$G90+2*$H90+$I90+2*$J90+$K90+2*$L90,0) -> 0 | S90: =IF($E90>0,SUM($G90:$L90),0) -> 0
N91: =IF($E91>0,G91+H91*2+I91+J91*2+K91+L91*2,"") | O91: =IF($E91>0,SUM(G91:L91),"") | Q91: =IF($A91<>"",$A91,Q90) -> September | R91: =IF($E91>0,$G91+2*$H91+$I91+2*$J91+$K91+2*$L91,0) -> 0 | S91: =IF($E91>0,SUM($G91:$L91),0) -> 0
A92: October | B92: =COUNTA(C92:C101) -> 0 | N92: =IF($E92>0,G92+H92*2+I92+J92*2+K92+L92*2,"") | O92: =IF($E92>0,SUM(G92:L92),"") | P92: =SUM(N92:N101) -> 0 | Q92: =IF($A92<>"",$A92,Q91) -> October | R92: =IF($E92>0,$G92+2*$H92+$I92+2*$J92+$K92+2*$L92,0) -> 0 | S92: =IF($E92>0,SUM($G92:$L92),0) -> 0
N93: =IF($E93>0,G93+H93*2+I93+J93*2+K93+L93*2,"") | O93: =IF($E93>0,SUM(G93:L93),"") | Q93: =IF($A93<>"",$A93,Q92) -> October | R93: =IF($E93>0,$G93+2*$H93+$I93+2*$J93+$K93+2*$L93,0) -> 0 | S93: =IF($E93>0,SUM($G93:$L93),0) -> 0
N94: =IF($E94>0,G94+H94*2+I94+J94*2+K94+L94*2,"") | O94: =IF($E94>0,SUM(G94:L94),"") | Q94: =IF($A94<>"",$A94,Q93) -> October | R94: =IF($E94>0,$G94+2*$H94+$I94+2*$J94+$K94+2*$L94,0) -> 0 | S94: =IF($E94>0,SUM($G94:$L94),0) -> 0
N95: =IF($E95>0,G95+H95*2+I95+J95*2+K95+L95*2,"") | O95: =IF($E95>0,SUM(G95:L95),"") | Q95: =IF($A95<>"",$A95,Q94) -> October | R95: =IF($E95>0,$G95+2*$H95+$I95+2*$J95+$K95+2*$L95,0) -> 0 | S95: =IF($E95>0,SUM($G95:$L95),0) -> 0
N96: =IF($E96>0,G96+H96*2+I96+J96*2+K96+L96*2,"") | O96: =IF($E96>0,SUM(G96:L96),"") | Q96: =IF($A96<>"",$A96,Q95) -> October | R96: =IF($E96>0,$G96+2*$H96+$I96+2*$J96+$K96+2*$L96,0) -> 0 | S96: =IF($E96>0,SUM($G96:$L96),0) -> 0
N97: =IF($E97>0,G97+H97*2+I97+J97*2+K97+L97*2,"") | O97: =IF($E97>0,SUM(G97:L97),"") | Q97: =IF($A97<>"",$A97,Q96) -> October | R97: =IF($E97>0,$G97+2*$H97+$I97+2*$J97+$K97+2*$L97,0) -> 0 | S97: =IF($E97>0,SUM($G97:$L97),0) -> 0
N98: =IF($E98>0,G98+H98*2+I98+J98*2+K98+L98*2,"") | O98: =IF($E98>0,SUM(G98:L98),"") | Q98: =IF($A98<>"",$A98,Q97) -> October | R98: =IF($E98>0,$G98+2*$H98+$I98+2*$J98+$K98+2*$L98,0) -> 0 | S98: =IF($E98>0,SUM($G98:$L98),0) -> 0
N99: =IF($E99>0,G99+H99*2+I99+J99*2+K99+L99*2,"") | O99: =IF($E99>0,SUM(G99:L99),"") | Q99: =IF($A99<>"",$A99,Q98) -> October | R99: =IF($E99>0,$G99+2*$H99+$I99+2*$J99+$K99+2*$L99,0) -> 0 | S99: =IF($E99>0,SUM($G99:$L99),0) -> 0
N100: =IF($E100>0,G100+H100*2+I100+J100*2+K100+L100*2,"") | O100: =IF($E100>0,SUM(G100:L100),"") | Q100: =IF($A100<>"",$A100,Q99) -> October | R100: =IF($E100>0,$G100+2*$H100+$I100+2*$J100+$K100+2*$L100,0) -> 0 | S100: =IF($E100>0,SUM($G100:$L100),0) -> 0
...

Sheet 2025
A1: MONTH | B1: NO | C1: VESSEL NAME | D1: AGENT | E1: BERTHING | F1: DEPARTURE | G1: DISCHARGE | I1: FCL LOADING | K1: EMPTY LOADING | M1: TOTAL TEU | N1: TOTAL CONTAINERS | O1: MONTHLY TEU
G2: 20 | H2: 40 | I2: 20 | J2: 40 | K2: 20 | L2: 40
A3: January | B3: =COUNTA(C3:C11) -> 9 | C3: CONTSHIP LEX | D3: OBT | E3: 45655 | F3: 45659 | G3: 213 | H3: 248 | J3: 5 | K3: 197 | L3: 164 | M3: =G3+H3*2+I3+J3*2+K3+L3*2 -> 1244 | N3: =SUM(G3:L3) -> 827 | O3: =SUM(M3:M11) -> 11995
C4: MAERSK ROUBAX | D4: MAE | E4: 45659.842 | F4: 45663.778 | G4: 221 | H4: 193 | I4: 17 | J4: 2 | K4: 55 | L4: 335 | M4: =G4+H4*2+I4+J4*2+K4+L4*2 -> 1353 | N4: =SUM(G4:L4) -> 823
C5: AS FREYA | D5: MAE | E5: 45663.807 | F5: 45667.76 | G5: 15 | H5: 408 | I5: 11 | J5: 37 | K5: 32 | L5: 125 | M5: =G5+H5*2+I5+J5*2+K5+L5*2 -> 1198 | N5: =SUM(G5:L5) -> 628
C6: MSC NINA F | D6: MSC | E6: 45666.688 | F6: 45670.528 | G6: 246 | H6: 159 | I6: 4 | J6: 2 | K6: 158 | L6: 82 | M6: =G6+H6*2+I6+J6*2+K6+L6*2 -> 894 | N6: =SUM(G6:L6) -> 651
C7: AS FABIANA | D7: MAE | E7: 45670.938 | F7: 45675.769 | G7: 145 | H7: 443 | I7: 51 | J7: 11 | K7: 68 | L7: 282 | M7: =G7+H7*2+I7+J7*2+K7+L7*2 -> 1736 | N7: =SUM(G7:L7) -> 1000
C8: MSC ADA F | D8: MSC | E8: 45675.933 | F8: 45681.797 | G8: 291 | H8: 96 | I8: 0 | J8: 15 | K8: 215 | L8: 126 | M8: =G8+H8*2+I8+J8*2+K8+L8*2 -> 980 | N8: =SUM(G8:L8) -> 743
C9: EM HYDRA | D9: CMA | E9: 45677.889 | F9: 45686.49 | G9: 224 | H9: 373 | I9: 87 | J9: 19 | K9: 384 | L9: 282 | M9: =G9+H9*2+I9+J9*2+K9+L9*2 -> 2043 | N9: =SUM(G9:L9) -> 1369
C10: VICTORIAL L | D10: MAE | E10: 45681.808 | F10: 45687.807 | G10: 64 | H10: 337 | I10: 111 | J10: 15 | K10: 3 | L10: 357 | M10: =G10+H10*2+I10+J10*2+K10+L10*2 -> 1596 | N10: =SUM(G10:L10) -> 887
C11: BF CARODA | D11: MAE | E11: 45687.34 | F11: 45690.997 | G11: 10 | H11: 251 | I11: 61 | J11: 49 | K11: 0 | L11: 140 | M11: =G11+H11*2+I11+J11*2+K11+L11*2 -> 951 | N11: =SUM(G11:L11) -> 511
A12: February | B12: =COUNTA(C12:C16) -> 5 | C12: CONTSHIP LEX | D12: OBT | E12: 45691.076 | F12: 45694.562 | G12: 234 | H12: 240 | I12: 52 | J12: 6 | K12: 175 | L12: 241 | M12: =G12+H12*2+I12+J12*2+K12+L12*2 -> 1435 | N12: =SUM(G12:L12) -> 948 | O12: =SUM(M12:M16) -> 6492
C13: AURETTE A | D13: CMA | E13: 45694.604 | F13: 45696.604 | G13: 161 | H13: 247 | I13: 0 | J13: 0 | K13: 0 | L13: 40 | M13: =G13+H13*2+I13+J13*2+K13+L13*2 -> 735 | N13: =SUM(G13:L13) -> 448
C14: CC NOUADHIBOU | D14: CMA | E14: 45696.656 | F14: 45701.368 | G14: 209 | H14: 250 | I14: 50 | J14: 5 | K14: 157 | L14: 313 | M14: =G14+H14*2+I14+J14*2+K14+L14*2 -> 1552 | N14: =SUM(G14:L14) -> 984
C15: MSC NINA F | D15: MSC | E15: 45704.879 | F15: 45707.917 | G15: 280 | H15: 104 | I15: 24 | J15: 20 | K15: 266 | L15: 86 | M15: =G15+H15*2+I15+J15*2+K15+L15*2 -> 990 | N15: =SUM(G15:L15) -> 780
C16: AS FREYA | D16: MAE | E16: 45710.379 | F16: 45714.771 | G16: 182 | H16: 322 | I16: 132 | J16: 164 | K16: 2 | L16: 246 | M16: =G16+H16*2+I16+J16*2+K16+L16*2 -> 1780 | N16: =SUM(G16:L16) -> 1048
A17: March | B17: =COUNTA(C17:C24) -> 8 | C17: MAERSK ROUBAX | D17: MAE | E17: 45720.444 | F17: 45723.99 | G17: 196 | H17: 263 | I17: 59 | J17: 100 | K17: 2 | L17: 278 | M17: =G17+H17*2+I17+J17*2+K17+L17*2 -> 1539 | N17: =SUM(G17:L17) -> 898 | O17: =SUM(M17:M24) -> 9243
C18: CONTSHIP LEX | D18: OBT | E18: 45724.073 | F18: 45727.475 | G18: 233 | H18: 233 | I18: 1 | J18: 38 | K18: 195 | L18: 302 | M18: =G18+H18*2+I18+J18*2+K18+L18*2 -> 1575 | N18: =SUM(G18:L18) -> 1002
C19: MSC NINA F | D19: MSC | E19: 45727.753 | F19: 45730.896 | G19: 187 | H19: 223 | I19: 12 | J19: 112 | K19: 343 | L19: 30 | M19: =G19+H19*2+I19+J19*2+K19+L19*2 -> 1272 | N19: =SUM(G19:L19) -> 907
C20: MSC ADA F | D20: MSC | E20: 45730.958 | F20: 45733.897 | G20: 282 | H20: 105 | I20: 0 | J20: 0 | K20: 69 | L20: 73 | M20: =G20+H20*2+I20+J20*2+K20+L20*2 -> 707 | N20: =SUM(G20:L20) -> 529
C21: AURETTE A | D21: CMA | E21: 45730.569 | F21: 45732.691 | G21: 235 | H21: 253 | I21: 0 | J21: 0 | K21: 0 | L21: 110 | M21: =G21+H21*2+I21+J21*2+K21+L21*2 -> 961 | N21: =SUM(G21:L21) -> 598
C22: BF CARODA | D22: MAE | E22: 45732.715 | F22: 45736.738 | G22: 75 | H22: 238 | I22: 73 | J22: 88 | K22: 6 | L22: 194 | M22: =G22+H22*2+I22+J22*2+K22+L22*2 -> 1194 | N22: =SUM(G22:L22) -> 674
C23: SALGUEIRO | D23: MAE | E23: 45740.929 | F23: 45742.903 | G23: 2 | H23: 54 | I23: 48 | J23: 89 | K23: 5 | L23: 13 | M23: =G23+H23*2+I23+J23*2+K23+L23*2 -> 367 | N23: =SUM(G23:L23) -> 211
C24: AURETTE A | D24: CMA | E24: 45743.875 | F24: 45748.767 | G24: 274 | H24: 168 | I24: 210 | J24: 69 | K24: 202 | L24: 234 | M24: =G24+H24*2+I24+J24*2+K24+L24*2 -> 1628 | N24: =SUM(G24:L24) -> 1157
A25: April | B25: =COUNTA(C25:C33) -> 9 | C25: CONTSHIP LEX | D25: OBT | E25: 45748.812 | F25: 45751.01 | G25: 196 | H25: 291 | I25: 1 | J25: 1 | K25: 216 | L25: 227 | M25: =G25+H25*2+I25+J25*2+K25+L25*2 -> 1451 | N25: =SUM(G25:L25) -> 932 | O25: =SUM(M25:M33) -> 11218
C26: MSC ADA F | D26: MSC | E26: 45751.5 | F26: 45754.768 | G26: 210 | H26: 225 | I26: 9 | J26: 22 | K26: 379 | L26: 181 | M26: =G26+H26*2+I26+J26*2+K26+L26*2 -> 1454 | N26: =SUM(G26:L26) -> 1026
C27: MAERSK ROUBAIX | D27: MAE | E27: 45754.951 | F27: 45758.075 | G27: 269 | H27: 142 | I27: 155 | J27: 98 | K27: 167 | L27: 202 | M27: =G27+H27*2+I27+J27*2+K27+L27*2 -> 1475 | N27: =SUM(G27:L27) -> 1033
C28: CALYPSO | D28: CMA | E28: 45757.771 | F28: 45760.802 | G28: 383 | H28: 225 | I28: 12 | J28: 11 | K28: 410 | L28: 294 | M28: =G28+H28*2+I28+J28*2+K28+L28*2 -> 1865 | N28: =SUM(G28:L28) -> 1335
C29: AURETTE A | D29: CMA | E29: 45762.75 | F29: 45764.65 | G29: 259 | H29: 252 | I29: 2 | J29: 5 | K29: 146 | L29: 158 | M29: =G29+H29*2+I29+J29*2+K29+L29*2 -> 1237 | N29: =SUM(G29:L29) -> 822
C30: MSC ADA F | D30: MSC | E30: 45766.955 | F30: 45769.84 | G30: 298 | H30: 86 | I30: 3 | J30: 16 | K30: 203 | L30: 170 | M30: =G30+H30*2+I30+J30*2+K30+L30*2 -> 1048 | N30: =SUM(G30:L30) -> 776
C31: SALGUEIRO | D31: MAE | E31: 45769.941 | F31: 45772.354 | G31: 141 | H31: 267 | I31: 19 | J31: 95 | K31: 2 | L31: 65 | M31: =G31+H31*2+I31+J31*2+K31+L31*2 -> 1016 | N31: =SUM(G31:L31) -> 589
C32: MSC SAGITTARIUS F | D32: MSC | E32: 45772.399 | F32: 45774.368 | G32: 150 | H32: 220 | I32: 0 | J32: 2 | K32: 114 | L32: 36 | M32: =G32+H32*2+I32+J32*2+K32+L32*2 -> 780 | N32: =SUM(G32:L32) -> 522
C33: CONTSHIP ONO | D33: MAE | E33: 45775.832 | F33: 45778.372 | G33: 249 | H33: 182 | I33: 58 | J33: 24 | K33: 157 | L33: 8 | M33: =G33+H33*2+I33+J33*2+K33+L33*2 -> 892 | N33: =SUM(G33:L33) -> 678
A34: May | B34: =COUNTA(C34:C42) -> 9 | C34: MARTI SPIRIT | D34: MAE | E34: 45779.417 | F34: 45781.556 | G34: 94 | H34: 384 | I34: 3 | J34: 102 | K34: 0 | L34: 0 | M34: =G34+H34*2+I34+J34*2+K34+L34*2 -> 1069 | N34: =SUM(G34:L34) -> 583 | O34: =SUM(M34:M42) -> 10414
C35: MSC ADA F | D35: MSC | E35: 45781.632 | F35: 45784.559 | G35: 278 | H35: 135 | I35: 6 | J35: 43 | K35: 208 | L35: 150 | M35: =G35+H35*2+I35+J35*2+K35+L35*2 -> 1148 | N35: =SUM(G35:L35) -> 820
C36: MAERSK ROUBAIX | D36: MAE | E36: 45783.406 | F36: 45786.483 | G36: 108 | H36: 355 | I36: 7 | J36: 81 | K36: 102 | L36: 84 | M36: =G36+H36*2+I36+J36*2+K36+L36*2 -> 1257 | N36: =SUM(G36:L36) -> 737
C37: MATADI EXPRESS | D37: OBT | E37: 45785.51 | F37: 45789.764 | G37: 151 | H37: 295 | I37: 50 | J37: 12 | K37: 139 | L37: 269 | M37: =G37+H37*2+I37+J37*2+K37+L37*2 -> 1492 | N37: =SUM(G37:L37) -> 916
C38: MSC SAGITTARIUS F | D38: MSC | E38: 45789.826 | F38: 45791.778 | G38: 246 | H38: 132 | I38: 3 | J38: 30 | K38: 157 | L38: 33 | M38: =G38+H38*2+I38+J38*2+K38+L38*2 -> 796 | N38: =SUM(G38:L38) -> 601
C39: SALGUEIRO | D39: MAE | E39: 45792.4 | F39: 45795.476 | G39: 117 | H39: 187 | I39: 65 | J39: 123 | K39: 83 | L39: 55 | M39: =G39+H39*2+I39+J39*2+K39+L39*2 -> 995 | N39: =SUM(G39:L39) -> 630
C40: AURETTE A | D40: CMA | E40: 45794.354 | F40: 45798.396 | G40: 200 | H40: 217 | I40: 106 | J40: 38 | K40: 43 | L40: 317 | M40: =G40+H40*2+I40+J40*2+K40+L40*2 -> 1493 | N40: =SUM(G40:L40) -> 921
C41: MSC ADA F | D41: MSC | E41: 45799.571 | F41: 45802.792 | G41: 245 | H41: 119 | I41: 0 | J41: 44 | K41: 343 | L41: 173 | M41: =G41+H41*2+I41+J41*2+K41+L41*2 -> 1260 | N41: =SUM(G41:L41) -> 924
C42: BF ESPERANZA | D42: MAE | E42: 45805.417 | F42: 45809.028 | G42: 250 | H42: 80 | I42: 89 | J42: 189 | K42: 13 | L42: 7 | M42: =G42+H42*2+I42+J42*2+K42+L42*2 -> 904 | N42: =SUM(G42:L42) -> 628
A43: June | B43: =COUNTA(C43:C52) -> 10 | C43: MSC ADA F | D43: MSC | E43: 45813.783 | F43: 45820.854 | G43: 111 | H43: 154 | I43: 0 | J43: 9 | K43: 118 | L43: 64 | M43: =G43+H43*2+I43+J43*2+K43+L43*2 -> 683 | N43: =SUM(G43:L43) -> 456 | O43: =SUM(M43:M52) -> 11653
C44: MSC WAVE F | D44: MSC | E44: 45816.233 | F44: 45819.618 | G44: 234 | H44: 75 | I44: 10 | J44: 68 | K44: 225 | L44: 78 | M44: =G44+H44*2+I44+J44*2+K44+L44*2 -> 911 | N44: =SUM(G44:L44) -> 690
C45: MAERSK ROUBAIX | D45: MAE | E45: 45820.917 | F45: 45824.004 | G45: 200 | H45: 269 | I45: 91 | J45: 235 | K45: 0 | L45: 58 | M45: =G45+H45*2+I45+J45*2+K45+L45*2 -> 1415 | N45: =SUM(G45:L45) -> 853
C46: JONATHAN P | D46: CMA | E46: 45824.05 | F46: 45827.775 | G46: 105 | H46: 182 | I46: 75 | J46: 14 | K46: 509 | L46: 290 | M46: =G46+H46*2+I46+J46*2+K46+L46*2 -> 1661 | N46: =SUM(G46:L46) -> 1175
C47: SALGUEIRO | D47: MAE | E47: 45827.25 | F47: 45830.583 | G47: 131 | H47: 279 | I47: 29 | J47: 34 | K47: 134 | L47: 106 | M47: =G47+H47*2+I47+J47*2+K47+L47*2 -> 1132 | N47: =SUM(G47:L47) -> 713
C48: MATADI EXPRESS | D48: OBT | E48: 45830.927 | F48: 45833.088 | G48: 28 | H48: 140 | I48: 1 | J48: 18 | K48: 200 | L48: 279 | M48: =G48+H48*2+I48+J48*2+K48+L48*2 -> 1103 | N48: =SUM(G48:L48) -> 666
C49: MSC SAGITTARIUS F | D49: MSC | E49: 45833.321 | F49: 45835.514 | G49: 70 | H49: 149 | I49: 35 | J49: 16 | K49: 212 | L49: 148 | M49: =G49+H49*2+I49+J49*2+K49+L49*2 -> 943 | N49: =SUM(G49:L49) -> 630
C50: BF ESPERANZA | D50: MAE | E50: 45834.346 | F50: 45838.296 | G50: 202 | H50: 146 | I50: 125 | J50: 84 | K50: 123 | L50: 158 | M50: =G50+H50*2+I50+J50*2+K50+L50*2 -> 1226 | N50: =SUM(G50:L50) -> 838
C51: MEDKON FUN | D51: MAE | E51: 45835.882 | F51: 45840.1 | G51: 157 | H51: 213 | I51: 2 | J51: 19 | K51: 285 | L51: 283 | M51: =G51+H51*2+I51+J51*2+K51+L51*2 -> 1474 | N51: =SUM(G51:L51) -> 959
C52: AURETTE A | D52: CMA | E52: 45838.347 | F52: 45841.546 | G52: 160 | H52: 198 | I52: 77 | J52: 9 | K52: 78 | L52: 188 | M52: =G52+H52*2+I52+J52*2+K52+L52*2 -> 1105 | N52: =SUM(G52:L52) -> 710
A53: July | B53: =COUNTA(C53:C61) -> 9 | C53: MSC WAVE F | D53: MSC | E53: 45840.213 | F53: 45842.66 | G53: 244 | H53: 117 | I53: 20 | J53: 5 | K53: 81 | L53: 102 | M53: =G53+H53*2+I53+J53*2+K53+L53*2 -> 793 | N53: =SUM(G53:L53) -> 569 | O53: =SUM(M53:M61) -> 8887
C54: MAERSK ROUBAIX | D54: MAE | E54: 45843.421 | F54: 45847.316 | G54: 173 | H54: 256 | I54: 100 | J54: 55 | K54: 191 | L54: 201 | M54: =G54+H54*2+I54+J54*2+K54+L54*2 -> 1488 | N54: =SUM(G54:L54) -> 976
C55: MSC SAGITTARIUS F | D55: MSC | E55: 45847.368 | F55: 45849.021 | G55: 83 | H55: 88 | I55: 13 | J55: 2 | K55: 120 | L55: 93 | M55: =G55+H55*2+I55+J55*2+K55+L55*2 -> 582 | N55: =SUM(G55:L55) -> 399
C56: MATADI EXPRESS | D56: OBT | E56: 45852.999 | F56: 45854.972 | G56: 102 | H56: 202 | I56: 2 | J56: 4 | K56: 32 | L56: 132 | M56: =G56+H56*2+I56+J56*2+K56+L56*2 -> 812 | N56: =SUM(G56:L56) -> 474
C57: SALGUEIRO | D57: MAE | E57: 45853.865 | F57: 45857.67 | G57: 183 | H57: 245 | I57: 58 | J57: 38 | K57: 28 | L57: 57 | M57: =G57+H57*2+I57+J57*2+K57+L57*2 -> 949 | N57: =SUM(G57:L57) -> 609
C58: MSC WAVE F | D58: MSC | E58: 45855.097 | F58: 45857.446 | G58: 62 | H58: 80 | I58: 11 | J58: 10 | K58: 170 | L58: 111 | M58: =G58+H58*2+I58+J58*2+K58+L58*2 -> 645 | N58: =SUM(G58:L58) -> 444
C59: BF ESPERANZA | D59: MAE | E59: 45862.861 | F59: 45866.369 | G59: 188 | H59: 151 | I59: 58 | J59: 76 | K59: 128 | L59: 192 | M59: =G59+H59*2+I59+J59*2+K59+L59*2 -> 1212 | N59: =SUM(G59:L59) -> 793
C60: VERA D | D60: CMA | E60: 45866.465 | F60: 45869.921 | G60: 179 | H60: 147 | I60: 53 | J60: 12 | K60: 67 | L60: 144 | M60: =G60+H60*2+I60+J60*2+K60+L60*2 -> 905 | N60: =SUM(G60:L60) -> 602
C61: MAERSK ROUBAIX | D61: MAE | E61: 45866.767 | F61: 45870.951 | G61: 219 | H61: 229 | I61: 17 | J61: 111 | K61: 251 | L61: 167 | M61: =G61+H61*2+I61+J61*2+K61+L61*2 -> 1501 | N61: =SUM(G61:L61) -> 994
A62: August | B62: =COUNTA(C62:C69) -> 8 | C62: MSC SAGITTARIUS F | D62: MSC | E62: 45873.618 | F62: 45875.344 | G62: 83 | H62: 121 | I62: 6 | J62: 20 | K62: 0 | L62: 16 | M62: =G62+H62*2+I62+J62*2+K62+L62*2 -> 403 | N62: =SUM(G62:L62) -> 246 | O62: =SUM(M62:M69) -> 8585
C63: MATADI EXPRESS | D63: OBT | E63: 45870.983 | F63: 45872.508 | G63: 29 | H63: 116 | I63: 4 | J63: 8 | K63: 84 | L63: 136 | M63: =G63+H63*2+I63+J63*2+K63+L63*2 -> 637 | N63: =SUM(G63:L63) -> 377
C64: SALGUEIRO | D64: MAE | E64: 45879.512 | F64: 45883.125 | G64: 212 | H64: 220 | I64: 44 | J64: 154 | K64: 102 | L64: 205 | M64: =G64+H64*2+I64+J64*2+K64+L64*2 -> 1516 | N64: =SUM(G64:L64) -> 937
C65: BF ESPERANZA | D65: MAE | E65: 45884.447 | F65: 45888.639 | G65: 177 | H65: 217 | I65: 65 | J65: 108 | K65: 132 | L65: 146 | M65: =G65+H65*2+I65+J65*2+K65+L65*2 -> 1316 | N65: =SUM(G65:L65) -> 845
C66: MARTI SPIRIT | D66: MAE | E66: 45889.719 | F66: 45893.429 | G66: 108 | H66: 112 | I66: 0 | J66: 0 | K66: 379 | L66: 172 | M66: =G66+H66*2+I66+J66*2+K66+L66*2 -> 1055 | N66: =SUM(G66:L66) -> 771
C67: AURETTE A | D67: CMA | E67: 45891.958 | F67: 45896.271 | G67: 219 | H67: 257 | I67: 42 | J67: 1 | K67: 216 | L67: 258 | M67: =G67+H67*2+I67+J67*2+K67+L67*2 -> 1509 | N67: =SUM(G67:L67) -> 993
C68: MATILDE A | D68: OBT | E68: 45893.972 | F68: 45897.365 | G68: 99 | H68: 188 | I68: 1 | J68: 6 | K68: 37 | L68: 181 | M68: =G68+H68*2+I68+J68*2+K68+L68*2 -> 887 | N68: =SUM(G68:L68) -> 512
C69: MSC WAVE F | D69: MSC | E69: 45897.547 | F69: 45900.86 | G69: 195 | H69: 207 | I69: 47 | J69: 16 | K69: 184 | L69: 195 | M69: =G69+H69*2+I69+J69*2+K69+L69*2 -> 1262 | N69: =SUM(G69:L69) -> 844
A70: September | B70: =COUNTA(C70:C77) -> 8 | C70: GINA | D70: CMA | E70: 45901.646 | F70: 45904.05 | G70: 172 | H70: 43 | I70: 0 | J70: 2 | K70: 88 | L70: 48 | M70: =G70+H70*2+I70+J70*2+K70+L70*2 -> 446 | N70: =SUM(G70:L70) -> 353 | O70: =SUM(M70:M77) -> 8101
C71: SALGUEIRO | D71: MAE | E71: 45900.917 | F71: 45906.463 | G71: 130 | H71: 314 | I71: 49 | J71: 145 | K71: 153 | L71: 138 | M71: =G71+H71*2+I71+J71*2+K71+L71*2 -> 1526 | N71: =SUM(G71:L71) -> 929
C72: BF ESPERANZA | D72: MAE | E72: 45906.556 | F72: 45911.528 | G72: 120 | H72: 191 | I72: 21 | J72: 95 | K72: 103 | L72: 183 | M72: =G72+H72*2+I72+J72*2+K72+L72*2 -> 1182 | N72: =SUM(G72:L72) -> 713
C73: BF CARODA | D73: MAE | E73: 45911.558 | F73: 45914.396 | G73: 63 | H73: 135 | I73: 4 | J73: 15 | K73: 91 | L73: 147 | M73: =G73+H73*2+I73+J73*2+K73+L73*2 -> 752 | N73: =SUM(G73:L73) -> 455
C74: AURETTE A | D74: CMA | E74: 45915.705 | F74: 45918.611 | G74: 126 | H74: 86 | I74: 34 | J74: 2 | K74: 262 | L74: 179 | M74: =G74+H74*2+I74+J74*2+K74+L74*2 -> 956 | N74: =SUM(G74:L74) -> 689
C75: MATILDE A | D75: OBT | E75: 45918.771 | F75: 45919.774 | G75: 93 | H75: 201 | I75: 1 | J75: 10 | K75: 0 | L75: 0 | M75: =G75+H75*2+I75+J75*2+K75+L75*2 -> 516 | N75: =SUM(G75:L75) -> 305
C76: MSC WAVE F | D76: MSC | E76: 45921.451 | F76: 45926.924 | G76: 185 | H76: 211 | I76: 20 | J76: 151 | K76: 186 | L76: 63 | M76: =G76+H76*2+I76+J76*2+K76+L76*2 -> 1241 | N76: =SUM(G76:L76) -> 816
C77: SALGUEIRO | D77: MAE | E77: 45922.715 | F77: 45927.454 | G77: 205 | H77: 216 | I77: 86 | J77: 39 | K77: 83 | L77: 299 | M77: =G77+H77*2+I77+J77*2+K77+L77*2 -> 1482 | N77: =SUM(G77:L77) -> 928
A78: October | B78: =COUNTA(C78:C87) -> 10 | C78: BF ESPERANZA | D78: MAE | E78: 45934.312 | F78: 45936.608 | G78: 90 | H78: 238 | I78: 11 | J78: 15 | K78: 4 | L78: 220 | M78: =G78+H78*2+I78+J78*2+K78+L78*2 -> 1051 | N78: =SUM(G78:L78) -> 578 | O78: =SUM(M78:M87) -> 9140
C79: CONTSHIP NEW | D79: MSC | E79: 45936.662 | F79: 45938.431 | G79: 210 | H79: 47 | I79: 0 | J79: 0 | K79: 128 | L79: 91 | M79: =G79+H79*2+I79+J79*2+K79+L79*2 -> 614 | N79: =SUM(G79:L79) -> 476
C80: BF CARODA | D80: MAE | E80: 45936.767 | F80: 45940.448 | G80: 138 | H80: 208 | I80: 12 | J80: 10 | K80: 214 | L80: 240 | M80: =G80+H80*2+I80+J80*2+K80+L80*2 -> 1280 | N80: =SUM(G80:L80) -> 822
C81: AURETTE A | D81: CMA | E81: 45941.443 | F81: 45943.778 | G81: 129 | H81: 212 | I81: 0 | J81: 28 | K81: 120 | L81: 43 | M81: =G81+H81*2+I81+J81*2+K81+L81*2 -> 815 | N81: =SUM(G81:L81) -> 532
C82: MSC WAVE F | D82: MSC | E82: 45944.583 | F82: 45947.398 | G82: 126 | H82: 117 | I82: 7 | J82: 55 | K82: 230 | L82: 112 | M82: =G82+H82*2+I82+J82*2+K82+L82*2 -> 931 | N82: =SUM(G82:L82) -> 647
C83: SALGUEIRO | D83: MAE | E83: 45943.671 | F83: 45947.646 | G83: 204 | H83: 223 | I83: 8 | J83: 21 | K83: 51 | L83: 61 | M83: =G83+H83*2+I83+J83*2+K83+L83*2 -> 873 | N83: =SUM(G83:L83) -> 568
C84: MATILDE A | D84: OBT | E84: 45947.47 | F84: 45949.622 | G84: 50 | H84: 156 | I84: 1 | J84: 16 | K84: 78 | L84: 209 | M84: =G84+H84*2+I84+J84*2+K84+L84*2 -> 891 | N84: =SUM(G84:L84) -> 510
C85: BF ESPERANZA | D85: MAE | E85: 45950.743 | F85: 45954.391 | G85: 143 | H85: 185 | I85: 10 | J85: 20 | K85: 164 | L85: 133 | M85: =G85+H85*2+I85+J85*2+K85+L85*2 -> 993 | N85: =SUM(G85:L85) -> 655
C86: MSC WAVE F | D86: MSC | E86: 45955.917 | F86: 45958.108 | G86: 193 | H86: 120 | I86: 9 | J86: 2 | K86: 129 | L86: 90 | M86: =G86+H86*2+I86+J86*2+K86+L86*2 -> 755 | N86: =SUM(G86:L86) -> 543
C87: MAERSK REGENSBURG | D87: MAE | E87: 45958.179 | F87: 45960.069 | G87: 23 | H87: 340 | I87: 6 | J87: 12 | K87: 110 | L87: 47 | M87: =G87+H87*2+I87+J87*2+K87+L87*2 -> 937 | N87: =SUM(G87:L87) -> 538
A88: November | B88: =COUNTA(C88:C96) -> 9 | C88: BF CARODA | D88: MAE | E88: 45962.771 | F88: 45966.344 | G88: 158 | H88: 199 | I88: 32 | J88: 179 | K88: 41 | L88: 151 | M88: =G88+H88*2+I88+J88*2+K88+L88*2 -> 1289 | N88: =SUM(G88:L88) -> 760 | O88: =SUM(M88:M96) -> 10012
C89: MSC WAVE F | D89: MSC | E89: 45967.383 | F89: 45969.358 | G89: 183 | H89: 90 | I89: 5 | J89: 0 | K89: 181 | L89: 106 | M89: =G89+H89*2+I89+J89*2+K89+L89*2 -> 761 | N89: =SUM(G89:L89) -> 565
C90: BF ESPERANZA | D90: MAE | E90: 45969.58 | F90: 45972.646 | G90: 121 | H90: 213 | I90: 16 | J90: 62 | K90: 109 | L90: 244 | M90: =G90+H90*2+I90+J90*2+K90+L90*2 -> 1284 | N90: =SUM(G90:L90) -> 765
C91: MATILDE A | D91: OBT | E91: 45972.823 | F91: 45974.906 | G91: 81 | H91: 165 | I91: 0 | J91: 8 | K91: 141 | L91: 273 | M91: =G91+H91*2+I91+J91*2+K91+L91*2 -> 1114 | N91: =SUM(G91:L91) -> 668
C92: MAERSK REGENSBURG | D92: MAE | E92: 45978.812 | F92: 45982.396 | G92: 47 | H92: 338 | I92: 10 | J92: 77 | K92: 97 | L92: 281 | M92: =G92+H92*2+I92+J92*2+K92+L92*2 -> 1546 | N92: =SUM(G92:L92) -> 850
C93: MSC WAVE F | D93: MSC | E93: 45980.868 | F93: 45985.851 | G93: 75 | H93: 93 | I93: 2 | J93: 0 | K93: 170 | L93: 97 | M93: =G93+H93*2+I93+J93*2+K93+L93*2 -> 627 | N93: =SUM(G93:L93) -> 437
C94: MAERSK VALPARAISO | D94: MAE | E94: 45982.842 | F94: 45985.354 | G94: 93 | H94: 411 | I94: 0 | J94: 0 | K94: 130 | L94: 0 | M94: =G94+H94*2+I94+J94*2+K94+L94*2 -> 1045 | N94: =SUM(G94:L94) -> 634
C95: MATILDE A | D95: OBT | E95: 45985.427 | F95: 45987.597 | G95: 100 | H95: 259 | I95: 8 | J95: 31 | K95: 83 | L95: 138 | M95: =G95+H95*2+I95+J95*2+K95+L95*2 -> 1047 | N95: =SUM(G95:L95) -> 619
C96: JONATHAN P | D96: CMA | E96: 45988.688 | F96: 45992.81 | G96: 226 | H96: 226 | I96: 107 | J96: 2 | K96: 12 | L96: 249 | M96: =G96+H96*2+I96+J96*2+K96+L96*2 -> 1299 | N96: =SUM(G96:L96) -> 822
A97: December | B97: =COUNTA(C97:C103) -> 7 | C97: BF ESPERANZA | D97: MAE | E97: 45993.375 | F97: 45996.404 | G97: 115 | H97: 248 | I97: 42 | J97: 82 | K97: 84 | L97: 226 | M97: =G97+H97*2+I97+J97*2+K97+L97*2 -> 1353 | N97: =SUM(G97:L97) -> 797 | O97: =SUM(M97:M103) -> 7860
C98: MSC WAVE F | D98: MSC | E98: 45995.858 | F98: 45997.9 | G98: 152 | H98: 185 | I98: 5 | J98: 0 | K98: 109 | L98: 131 | M98: =G98+H98*2+I98+J98*2+K98+L98*2 -> 898 | N98: =SUM(G98:L98) -> 582
C99: AURETTE A | D99: CMA | E99: 45997.788 | F99: 46000.535 | G99: 118 | H99: 184 | I99: 70 | J99: 20 | K99: 117 | L99: 135 | M99: =G99+H99*2+I99+J99*2+K99+L99*2 -> 983 | N99: =SUM(G99:L99) -> 644
C100: CONTSHIP NEW | D100: MSC | E100: 46000.983 | F100: 46002.219 | G100: 184 | H100: 51 | I100: 0 | J100: 0 | K100: 12 | L100: 55 | M100: =G100+H100*2+I100+J100*2+K100+L100*2 -> 408 | N100: =SUM(G100:L100) -> 302
...

Sheet 2024
A1: MONTH | B1: NO | C1: VESSEL NAME | D1: AGENT | E1: BERTHING | F1: DEPARTURE | G1: DISCHARGE | I1: FCL LOADING | K1: EMPTY LOADING | M1: TOTAL TEU | N1: TOTAL CONTAINERS | O1: MONTHLY TEU
G2: 20 | H2: 40 | I2: 20 | J2: 40 | K2: 20 | L2: 40
A3: January | B3: =COUNTA(C3:C11) -> 9 | C3: CC PLATON | D3: CMA | E3: 45293 | F3: 45299 | G3: 81 | H3: 183 | I3: 98 | J3: 46 | K3: 57 | L3: 275 | M3: =G3+H3*2+I3+J3*2+K3+L3*2 -> 1244 | N3: =SUM(G3:L3) -> 740 | O3: =SUM(M3:M11) -> 8288
C4: VICTORIA L | D4: MAE | E4: 45298 | F4: 45302 | G4: 166 | H4: 290 | I4: 12 | J4: 72 | K4: 86 | L4: 102 | M4: =G4+H4*2+I4+J4*2+K4+L4*2 -> 1192 | N4: =SUM(G4:L4) -> 728
C5: MSC ADA F | D5: MSC | E5: 45301 | F5: 45305 | G5: 121 | H5: 150 | J5: 12 | K5: 196 | L5: 75 | M5: =G5+H5*2+I5+J5*2+K5+L5*2 -> 791 | N5: =SUM(G5:L5) -> 554
C6: OKEE CUNO | D6: OBT | E6: 45303 | F6: 45305 | G6: 112 | H6: 67 | J6: 30 | K6: 15 | L6: 7 | M6: =G6+H6*2+I6+J6*2+K6+L6*2 -> 335 | N6: =SUM(G6:L6) -> 231
C7: CC NOUADHIBOU | D7: CMA | E7: 45308 | F7: 45314 | G7: 85 | H7: 244 | I7: 84 | J7: 11 | K7: 44 | L7: 225 | M7: =G7+H7*2+I7+J7*2+K7+L7*2 -> 1173 | N7: =SUM(G7:L7) -> 693
C8: OEL INDIA | D8: MAE | E8: 45308 | F8: 45312 | G8: 57 | H8: 205 | I8: 30 | J8: 122 | K8: 227 | L8: 121 | M8: =G8+H8*2+I8+J8*2+K8+L8*2 -> 1210 | N8: =SUM(G8:L8) -> 762
C9: AS FREYA | D9: MAE | E9: 45314 | F9: 45319 | G9: 142 | H9: 215 | I9: 89 | J9: 88 | K9: 113 | L9: 99 | M9: =G9+H9*2+I9+J9*2+K9+L9*2 -> 1148 | N9: =SUM(G9:L9) -> 746
C10: SAN VICENTE EXPRESS | D10: OBT | E10: 45315 | F10: 45316 | G10: 60 | H10: 48 | M10: =G10+H10*2+I10+J10*2+K10+L10*2 -> 156 | N10: =SUM(G10:L10) -> 108
C11: MAERSK ROUBAIX | D11: MAE | E11: 45319 | F11: 45323 | G11: 137 | H11: 168 | I11: 26 | J11: 114 | K11: 104 | L11: 104 | M11: =G11+H11*2+I11+J11*2+K11+L11*2 -> 1039 | N11: =SUM(G11:L11) -> 653
A12: February | B12: =COUNTA(C12:C20) -> 9 | C12: MSC LUNA F | D12: MSC | E12: 45327 | F12: 45329 | G12: 146 | H12: 143 | L12: 50 | M12: =G12+H12*2+I12+J12*2+K12+L12*2 -> 532 | N12: =SUM(G12:L12) -> 339 | O12: =SUM(M12:M20) -> 8833
C13: OEL INDIA | D13: MAE | E13: 45327 | F13: 45333 | G13: 164 | H13: 241 | I13: 44 | J13: 125 | K13: 49 | L13: 141 | M13: =G13+H13*2+I13+J13*2+K13+L13*2 -> 1271 | N13: =SUM(G13:L13) -> 764
C14: CC PLATON | D14: CMA | E14: 45332 | F14: 45338 | G14: 139 | H14: 248 | I14: 36 | J14: 17 | K14: 11 | L14: 95 | M14: =G14+H14*2+I14+J14*2+K14+L14*2 -> 906 | N14: =SUM(G14:L14) -> 546
C15: AS FREYA | D15: MAE | E15: 45332 | F15: 45338 | G15: 305 | H15: 185 | I15: 108 | J15: 47 | K15: 143 | L15: 194 | M15: =G15+H15*2+I15+J15*2+K15+L15*2 -> 1408 | N15: =SUM(G15:L15) -> 982
C16: OKEE CUNO | D16: OBT | E16: 45338 | F16: 45342 | G16: 124 | H16: 38 | I16: 2 | J16: 31 | K16: 171 | L16: 72 | M16: =G16+H16*2+I16+J16*2+K16+L16*2 -> 579 | N16: =SUM(G16:L16) -> 438
C17: CC NOUADHIBOU | D17: CMA | E17: 45340 | F17: 45344 | G17: 84 | H17: 195 | I17: 42 | J17: 1 | K17: 4 | L17: 185 | M17: =G17+H17*2+I17+J17*2+K17+L17*2 -> 892 | N17: =SUM(G17:L17) -> 511
C18: MSC ADA F | D18: MSC | E18: 45343 | F18: 45348 | G18: 229 | H18: 81 | J18: 71 | K18: 234 | L18: 32 | M18: =G18+H18*2+I18+J18*2+K18+L18*2 -> 831 | N18: =SUM(G18:L18) -> 647
C19: MAERSK ROUBAIX | D19: MAE | E19: 45344 | F19: 45348 | G19: 200 | H19: 232 | I19: 55 | J19: 105 | M19: =G19+H19*2+I19+J19*2+K19+L19*2 -> 929 | N19: =SUM(G19:L19) -> 592
C20: VICTORIA L | D20: MAE | E20: 45349 | F20: 45354 | G20: 248 | H20: 215 | I20: 36 | J20: 123 | K20: 201 | L20: 162 | M20: =G20+H20*2+I20+J20*2+K20+L20*2 -> 1485 | N20: =SUM(G20:L20) -> 985
A21: March | B21: =COUNTA(C21:C32) -> 12 | C21: MSC SUN F | D21: MSC | E21: 45353 | F21: 45357 | G21: 173 | H21: 89 | I21: 26 | J21: 24 | L21: 6 | M21: =G21+H21*2+I21+J21*2+K21+L21*2 -> 437 | N21: =SUM(G21:L21) -> 318 | O21: =SUM(M21:M32) -> 11055
C22: FRANZISKA | D22: MAE | E22: 45354 | F22: 45358 | G22: 287 | H22: 240 | I22: 35 | J22: 15 | K22: 79 | M22: =G22+H22*2+I22+J22*2+K22+L22*2 -> 911 | N22: =SUM(G22:L22) -> 656
C23: DIANE A | D23: CMA | E23: 45358 | F23: 45367 | G23: 250 | H23: 431 | I23: 100 | J23: 25 | K23: 82 | L23: 268 | M23: =G23+H23*2+I23+J23*2+K23+L23*2 -> 1880 | N23: =SUM(G23:L23) -> 1156
C24: AS FREYA | D24: MAE | E24: 45358 | F24: 45366 | G24: 161 | H24: 202 | I24: 8 | J24: 158 | K24: 230 | L24: 26 | M24: =G24+H24*2+I24+J24*2+K24+L24*2 -> 1171 | N24: =SUM(G24:L24) -> 785
C25: OKEE CUNO | D25: OBT | E25: 45371 | F25: 45375 | G25: 115 | H25: 106 | J25: 32 | K25: 142 | L25: 29 | M25: =G25+H25*2+I25+J25*2+K25+L25*2 -> 591 | N25: =SUM(G25:L25) -> 424
C26: OEL INDIA | D26: MAE | E26: 45367 | F26: 45373 | G26: 239 | H26: 159 | I26: 87 | J26: 55 | K26: 60 | L26: 160 | M26: =G26+H26*2+I26+J26*2+K26+L26*2 -> 1134 | N26: =SUM(G26:L26) -> 760
C27: MSC SAGITTARIUS | D27: MSC | E27: 45368 | F27: 45371 | G27: 181 | H27: 56 | I27: 2 | J27: 6 | L27: 50 | M27: =G27+H27*2+I27+J27*2+K27+L27*2 -> 407 | N27: =SUM(G27:L27) -> 295
C28: CC PLATON | D28: CMA | E28: 45373 | F28: 45376 | G28: 77 | H28: 40 | I28: 14 | J28: 31 | K28: 82 | L28: 181 | M28: =G28+H28*2+I28+J28*2+K28+L28*2 -> 677 | N28: =SUM(G28:L28) -> 425
C29: MAERSK ROUBAIX | D29: MAE | E29: 45376 | F29: 45378 | G29: 149 | H29: 250 | M29: =G29+H29*2+I29+J29*2+K29+L29*2 -> 649 | N29: =SUM(G29:L29) -> 399
C30: GEESKE | D30: MAE | E30: 45378 | F30: 45380 | G30: 244 | H30: 190 | L30: 100 | M30: =G30+H30*2+I30+J30*2+K30+L30*2 -> 824 | N30: =SUM(G30:L30) -> 534
C31: VICTORIA L | D31: MAE | E31: 45380 | F31: 45388 | G31: 299 | H31: 160 | I31: 164 | J31: 114 | K31: 297 | L31: 217 | M31: =G31+H31*2+I31+J31*2+K31+L31*2 -> 1742 | N31: =SUM(G31:L31) -> 1251
C32: MSC LUNA F | D32: MSC | E32: 45381 | F32: 45385 | G32: 118 | H32: 56 | J32: 5 | K32: 4 | L32: 194 | M32: =G32+H32*2+I32+J32*2+K32+L32*2 -> 632 | N32: =SUM(G32:L32) -> 377
A33: April | B33: =COUNTA(C33:C42) -> 10 | C33: AS FREYA | D33: MAE | E33: 45385 | F33: 45391 | G33: 335 | H33: 132 | K33: 235 | L33: 301 | M33: =G33+H33*2+I33+J33*2+K33+L33*2 -> 1436 | N33: =SUM(G33:L33) -> 1003 | O33: =SUM(M33:M42) -> 11436
C34: AS FABIANA | D34: MAE | E34: 45388 | F34: 45395 | G34: 223 | H34: 132 | I34: 108 | J34: 99 | K34: 179 | L34: 70 | M34: =G34+H34*2+I34+J34*2+K34+L34*2 -> 1112 | N34: =SUM(G34:L34) -> 811
C35: CC NOUADHIBOU | D35: CMA | E35: 45391 | F35: 45396 | G35: 46 | H35: 138 | I35: 29 | J35: 21 | K35: 69 | L35: 156 | M35: =G35+H35*2+I35+J35*2+K35+L35*2 -> 774 | N35: =SUM(G35:L35) -> 459
C36: OEL INDIA | D36: MAE | E36: 45395 | F36: 45400 | G36: 129 | H36: 268 | J36: 5 | K36: 421 | L36: 196 | M36: =G36+H36*2+I36+J36*2+K36+L36*2 -> 1488 | N36: =SUM(G36:L36) -> 1019
C37: MSC SUN F | D37: MSC | E37: 45396 | F37: 45403 | G37: 221 | H37: 185 | I37: 3 | K37: 506 | L37: 127 | M37: =G37+H37*2+I37+J37*2+K37+L37*2 -> 1354 | N37: =SUM(G37:L37) -> 1042
C38: JONATHAN P | D38: OBT | E38: 45400 | F38: 45403 | G38: 20 | H38: 74 | J38: 1 | K38: 111 | L38: 98 | M38: =G38+H38*2+I38+J38*2+K38+L38*2 -> 477 | N38: =SUM(G38:L38) -> 304
C39: EM HYDRA | D39: CMA | E39: 45403 | F39: 45410 | G39: 100 | H39: 236 | I39: 55 | J39: 3 | K39: 142 | L39: 298 | M39: =G39+H39*2+I39+J39*2+K39+L39*2 -> 1371 | N39: =SUM(G39:L39) -> 834
C40: VICTORIA L | D40: MAE | E40: 45406 | F40: 45410 | G40: 262 | H40: 195 | I40: 80 | J40: 72 | K40: 294 | L40: 132 | M40: =G40+H40*2+I40+J40*2+K40+L40*2 -> 1434 | N40: =SUM(G40:L40) -> 1035
C41: MSC SAGITTARIUS | D41: MSC | E41: 45410 | F41: 45416 | G41: 119 | H41: 101 | L41: 181 | M41: =G41+H41*2+I41+J41*2+K41+L41*2 -> 683 | N41: =SUM(G41:L41) -> 401
C42: MSC SUN F | D42: MSC | E42: 45412 | F42: 45425 | G42: 273 | H42: 119 | I42: 26 | J42: 23 | K42: 472 | L42: 126 | M42: =G42+H42*2+I42+J42*2+K42+L42*2 -> 1307 | N42: =SUM(G42:L42) -> 1039
A43: May | B43: =COUNTA(C43:C52) -> 10 | C43: HANSA RATZEBURG | D43: OBT | E43: 45415 | F43: 45417 | G43: 131 | H43: 82 | K43: 10 | L43: 71 | M43: =G43+H43*2+I43+J43*2+K43+L43*2 -> 447 | N43: =SUM(G43:L43) -> 294 | O43: =SUM(M43:M52) -> 9569
C44: COROS | D44: OBL | E44: 45416 | F44: 45417 | H44: 10 | M44: =G44+H44*2+I44+J44*2+K44+L44*2 -> 20 | N44: =SUM(G44:L44) -> 10
C45: AS FABIANA | D45: MAE | E45: 45416 | F45: 45424 | G45: 374 | H45: 291 | I45: 22 | J45: 201 | K45: 126 | L45: 94 | M45: =G45+H45*2+I45+J45*2+K45+L45*2 -> 1694 | N45: =SUM(G45:L45) -> 1108
C46: CALYPSO | D46: CMA | E46: 45425 | F46: 45430 | G46: 183 | H46: 205 | I46: 49 | J46: 5 | K46: 41 | L46: 197 | M46: =G46+H46*2+I46+J46*2+K46+L46*2 -> 1087 | N46: =SUM(G46:L46) -> 680
C47: AS FRANZISKA | D47: MAE | E47: 45428 | F47: 45434 | G47: 285 | H47: 221 | I47: 45 | J47: 196 | K47: 139 | L47: 5 | M47: =G47+H47*2+I47+J47*2+K47+L47*2 -> 1313 | N47: =SUM(G47:L47) -> 891
C48: DIANE A | D48: CMA | E48: 45430 | F48: 45435 | G48: 270 | H48: 241 | I48: 24 | J48: 14 | K48: 42 | L48: 148 | M48: =G48+H48*2+I48+J48*2+K48+L48*2 -> 1142 | N48: =SUM(G48:L48) -> 739
C49: JONATHAN P | D49: OBT | E49: 45435 | F49: 45438 | G49: 64 | H49: 107 | J49: 28 | K49: 136 | L49: 56 | M49: =G49+H49*2+I49+J49*2+K49+L49*2 -> 582 | N49: =SUM(G49:L49) -> 391
C50: MSC SAGITTARIUS | D50: MSC | E50: 45438 | F50: 45441 | G50: 97 | H50: 78 | L50: 66 | M50: =G50+H50*2+I50+J50*2+K50+L50*2 -> 385 | N50: =SUM(G50:L50) -> 241
C51: MSC SUN F | D51: MSC | E51: 45441 | F51: 45446 | G51: 305 | H51: 90 | I51: 11 | J51: 29 | K51: 295 | L51: 28 | M51: =G51+H51*2+I51+J51*2+K51+L51*2 -> 905 | N51: =SUM(G51:L51) -> 758
C52: AS FABIANA | D52: MAE | E52: 45443 | F52: 45452 | G52: 320 | H52: 311 | I52: 87 | J52: 127 | K52: 403 | L52: 154 | M52: =G52+H52*2+I52+J52*2+K52+L52*2 -> 1994 | N52: =SUM(G52:L52) -> 1402
A53: June | B53: =COUNTA(C53:C61) -> 9 | C53: LION | D53: CMA | E53: 45447 | F53: 45452 | G53: 155 | H53: 222 | I53: 53 | J53: 4 | K53: 4 | L53: 129 | M53: =G53+H53*2+I53+J53*2+K53+L53*2 -> 922 | N53: =SUM(G53:L53) -> 567 | O53: =SUM(M53:M61) -> 8583
C54: AS FRANZISKA | D54: MAE | E54: 45452 | F54: 45464 | G54: 348 | H54: 151 | I54: 57 | J54: 81 | K54: 354 | L54: 255 | M54: =G54+H54*2+I54+J54*2+K54+L54*2 -> 1733 | N54: =SUM(G54:L54) -> 1246
C55: OKEE CUNO | D55: OBT | E55: 45453 | F55: 45455 | G55: 71 | H55: 27 | J55: 13 | K55: 62 | L55: 86 | M55: =G55+H55*2+I55+J55*2+K55+L55*2 -> 385 | N55: =SUM(G55:L55) -> 259
C56: DOUALA EXPRESS | D56: OBT | E56: 45455 | F56: 45458 | G56: 74 | H56: 41 | K56: 27 | L56: 26 | M56: =G56+H56*2+I56+J56*2+K56+L56*2 -> 235 | N56: =SUM(G56:L56) -> 168
C57: MSC PANAYA | D57: MSC | E57: 45456 | F57: 45461 | G57: 126 | H57: 179 | L57: 116 | M57: =G57+H57*2+I57+J57*2+K57+L57*2 -> 716 | N57: =SUM(G57:L57) -> 421
C58: CC HOMERE | D58: CMA | E58: 45462 | F58: 45465 | K58: 102 | L58: 149 | M58: =G58+H58*2+I58+J58*2+K58+L58*2 -> 400 | N58: =SUM(G58:L58) -> 251
C59: ALEXANDER MAERSK | D59: MAE | E59: 45465 | F59: 45471 | G59: 161 | H59: 400 | I59: 112 | J59: 133 | K59: 242 | L59: 159 | M59: =G59+H59*2+I59+J59*2+K59+L59*2 -> 1899 | N59: =SUM(G59:L59) -> 1207
C60: MSC SUN F | D60: MSC | E60: 45470 | F60: 45474 | G60: 106 | H60: 34 | I60: 21 | J60: 17 | K60: 416 | L60: 152 | M60: =G60+H60*2+I60+J60*2+K60+L60*2 -> 949 | N60: =SUM(G60:L60) -> 746
C61: CONTSHIP MED | D61: MAE | E61: 45472 | F61: 45476 | G61: 303 | H61: 150 | I61: 20 | J61: 18 | K61: 249 | L61: 218 | M61: =G61+H61*2+I61+J61*2+K61+L61*2 -> 1344 | N61: =SUM(G61:L61) -> 958
A62: July | B62: =COUNTA(C62:C70) -> 9 | C62: JONATHAN P | D62: OBT | E62: 45477 | F62: 45479 | G62: 76 | H62: 111 | I62: 1 | J62: 10 | K62: 109 | L62: 27 | M62: =G62+H62*2+I62+J62*2+K62+L62*2 -> 482 | N62: =SUM(G62:L62) -> 334 | O62: =SUM(M62:M70) -> 9802
C63: CALYPSO | D63: CMA | E63: 45479 | F63: 45484 | G63: 116 | H63: 171 | I63: 64 | K63: 106 | L63: 179 | M63: =G63+H63*2+I63+J63*2+K63+L63*2 -> 986 | N63: =SUM(G63:L63) -> 636
C64: DIANE A | D64: CMA | E64: 45484 | F64: 45487 | G64: 82 | H64: 97 | I64: 51 | J64: 6 | K64: 34 | L64: 108 | M64: =G64+H64*2+I64+J64*2+K64+L64*2 -> 589 | N64: =SUM(G64:L64) -> 378
C65: AS FABIANA | D65: MAE | E65: 45487 | F65: 45495 | G65: 341 | H65: 299 | I65: 81 | J65: 93 | K65: 301 | L65: 191 | M65: =G65+H65*2+I65+J65*2+K65+L65*2 -> 1889 | N65: =SUM(G65:L65) -> 1306
C66: CONTSHIP LEX | D66: OBT | E66: 45488 | F66: 45491 | G66: 15 | H66: 85 | K66: 63 | L66: 110 | M66: =G66+H66*2+I66+J66*2+K66+L66*2 -> 468 | N66: =SUM(G66:L66) -> 273
C67: AS FRANZISKA | D67: MAE | E67: 45491 | F67: 45498 | G67: 290 | H67: 285 | I67: 68 | J67: 37 | K67: 202 | L67: 246 | M67: =G67+H67*2+I67+J67*2+K67+L67*2 -> 1696 | N67: =SUM(G67:L67) -> 1128
C68: MSC SUN F | D68: MSC | E68: 45499 | F68: 45503 | G68: 226 | H68: 152 | I68: 43 | J68: 5 | K68: 118 | L68: 5 | M68: =G68+H68*2+I68+J68*2+K68+L68*2 -> 711 | N68: =SUM(G68:L68) -> 549
C69: CC HOMERE | D69: CMA | E69: 45501 | F69: 45510 | G69: 233 | H69: 211 | I69: 139 | J69: 5 | K69: 270 | L69: 186 | M69: =G69+H69*2+I69+J69*2+K69+L69*2 -> 1446 | N69: =SUM(G69:L69) -> 1044
C70: MAERSK ROUBAIX | D70: MAE | E70: 45504 | F70: 45511 | G70: 196 | H70: 249 | I70: 26 | J70: 38 | K70: 227 | L70: 256 | M70: =G70+H70*2+I70+J70*2+K70+L70*2 -> 1535 | N70: =SUM(G70:L70) -> 992
A71: August | B71: =COUNTA(C71:C77) -> 7 | C71: MSC TIANA | D71: MSC | E71: 45511 | F71: 45514 | G71: 115 | H71: 138 | K71: 8 | L71: 219 | M71: =G71+H71*2+I71+J71*2+K71+L71*2 -> 837 | N71: =SUM(G71:L71) -> 480 | O71: =SUM(M71:M77) -> 6891
C72: JONATHAN P | D72: OBT | E72: 45514 | F72: 45516 | G72: 23 | H72: 53 | I72: 1 | J72: 2 | K72: 36 | L72: 80 | M72: =G72+H72*2+I72+J72*2+K72+L72*2 -> 330 | N72: =SUM(G72:L72) -> 195
C73: CONTSHIP MED | D73: MAE | E73: 45516 | F73: 45521 | G73: 259 | H73: 163 | I73: 77 | J73: 51 | K73: 199 | L73: 231 | M73: =G73+H73*2+I73+J73*2+K73+L73*2 -> 1425 | N73: =SUM(G73:L73) -> 980
C74: CALYPSO | D74: CMA | E74: 45521 | F74: 45528 | G74: 145 | H74: 288 | I74: 76 | J74: 7 | K74: 60 | L74: 374 | M74: =G74+H74*2+I74+J74*2+K74+L74*2 -> 1619 | N74: =SUM(G74:L74) -> 950
C75: CONTSHIP LEX | D75: OBT | E75: 45529 | F75: 45530 | G75: 29 | H75: 40 | J75: 2 | K75: 28 | L75: 46 | M75: =G75+H75*2+I75+J75*2+K75+L75*2 -> 233 | N75: =SUM(G75:L75) -> 145
C76: BF CARODA | D76: MAE | E76: 45530 | F76: 45540 | G76: 185 | H76: 171 | I76: 21 | J76: 57 | K76: 259 | L76: 140 | M76: =G76+H76*2+I76+J76*2+K76+L76*2 -> 1201 | N76: =SUM(G76:L76) -> 833
C77: MSC SUN F | D77: MSC | E77: 45532 | F77: 45538 | G77: 325 | H77: 88 | I77: 28 | J77: 8 | K77: 387 | L77: 157 | M77: =G77+H77*2+I77+J77*2+K77+L77*2 -> 1246 | N77: =SUM(G77:L77) -> 993
A78: September | B78: =COUNTA(C78:C83) -> 6 | C78: CC NOUADHIBOU | D78: CMA | E78: 45540 | F78: 45545 | G78: 221 | H78: 225 | I78: 36 | J78: 1 | K78: 204 | L78: 148 | M78: =G78+H78*2+I78+J78*2+K78+L78*2 -> 1209 | N78: =SUM(G78:L78) -> 835 | O78: =SUM(M78:M83) -> 7760
C79: MAERSK ROUBAIX | D79: MAE | E79: 45546 | F79: 45551 | G79: 139 | H79: 301 | I79: 47 | J79: 35 | K79: 273 | L79: 232 | M79: =G79+H79*2+I79+J79*2+K79+L79*2 -> 1595 | N79: =SUM(G79:L79) -> 1027
C80: CONTSHIP MED | D80: MAE | E80: 45551 | F80: 45555 | G80: 266 | H80: 185 | I80: 43 | J80: 12 | K80: 50 | L80: 15 | M80: =G80+H80*2+I80+J80*2+K80+L80*2 -> 783 | N80: =SUM(G80:L80) -> 571
C81: LION | D81: CMA | E81: 45555 | F81: 45562 | G81: 344 | H81: 202 | I81: 25 | J81: 3 | K81: 235 | L81: 211 | M81: =G81+H81*2+I81+J81*2+K81+L81*2 -> 1436 | N81: =SUM(G81:L81) -> 1020
C82: CALYPSO | D82: CMA | E82: 45562 | F82: 45567 | G82: 55 | H82: 139 | I82: 5 | J82: 1 | K82: 105 | L82: 147 | M82: =G82+H82*2+I82+J82*2+K82+L82*2 -> 739 | N82: =SUM(G82:L82) -> 452
C83: AS FRANZISKA | D83: MAE | E83: 45562 | F83: 45570 | G83: 89 | H83: 408 | I83: 24 | J83: 20 | K83: 329 | L83: 350 | M83: =G83+H83*2+I83+J83*2+K83+L83*2 -> 1998 | N83: =SUM(G83:L83) -> 1220
A84: October | B84: =COUNTA(C84:C93) -> 10 | C84: CONTSHEP BEE | D84: OBT | E84: 45570 | F84: 45572 | G84: 136 | H84: 173 | K84: 33 | L84: 47 | M84: =G84+H84*2+I84+J84*2+K84+L84*2 -> 609 | N84: =SUM(G84:L84) -> 389 | O84: =SUM(M84:M93) -> 9141
C85: MSC SUN F | D85: MSC | E85: 45572 | F85: 45577 | G85: 238 | H85: 191 | I85: 5 | K85: 356 | L85: 102 | M85: =G85+H85*2+I85+J85*2+K85+L85*2 -> 1185 | N85: =SUM(G85:L85) -> 892
C86: BF LETİCİA | D86: MAE | E86: 45577 | F86: 45581 | G86: 132 | H86: 15 | I86: 14 | J86: 15 | K86: 119 | L86: 281 | M86: =G86+H86*2+I86+J86*2+K86+L86*2 -> 887 | N86: =SUM(G86:L86) -> 576
C87: CONTSHIP LEX | D87: OBT | E87: 45581 | F87: 45583 | G87: 74 | H87: 79 | J87: 6 | K87: 68 | L87: 41 | M87: =G87+H87*2+I87+J87*2+K87+L87*2 -> 394 | N87: =SUM(G87:L87) -> 268
C88: BF CARODA | D88: MAE | E88: 45583 | F88: 45585 | G88: 127 | H88: 241 | K88: 52 | L88: 18 | M88: =G88+H88*2+I88+J88*2+K88+L88*2 -> 697 | N88: =SUM(G88:L88) -> 438
C89: MSC NINA F | D89: MSC | E89: 45585 | F89: 45589 | G89: 278 | H89: 141 | I89: 1 | J89: 5 | K89: 210 | L89: 159 | M89: =G89+H89*2+I89+J89*2+K89+L89*2 -> 1099 | N89: =SUM(G89:L89) -> 794
C90: MAERSK ROUBAIX | D90: MAE | E90: 45588 | F90: 45594 | G90: 286 | H90: 128 | I90: 77 | J90: 21 | K90: 125 | L90: 305 | M90: =G90+H90*2+I90+J90*2+K90+L90*2 -> 1396 | N90: =SUM(G90:L90) -> 942
C91: MSC SUN F | D91: MSC | E91: 45589 | F91: 45593 | G91: 285 | H91: 99 | I91: 12 | J91: 1 | K91: 113 | L91: 67 | M91: =G91+H91*2+I91+J91*2+K91+L91*2 -> 744 | N91: =SUM(G91:L91) -> 577
C92: CONTSHIP MED | D92: MAE | E92: 45593 | F92: 45566 | G92: 120 | H92: 315 | I92: 11 | J92: 5 | K92: 1 | L92: 234 | M92: =G92+H92*2+I92+J92*2+K92+L92*2 -> 1240 | N92: =SUM(G92:L92) -> 686
C93: VICTORIA L | D93: MAE | E93: 45594 | F93: 45598 | G93: 110 | H93: 358 | I93: 18 | J93: 23 | M93: =G93+H93*2+I93+J93*2+K93+L93*2 -> 890 | N93: =SUM(G93:L93) -> 509
A94: November | B94: =COUNTA(C94:C98) -> 5 | C94: DIANE A | D94: CMA | E94: 45597 | F94: 45604 | G94: 272 | H94: 388 | I94: 111 | J94: 4 | K94: 44 | L94: 222 | M94: =G94+H94*2+I94+J94*2+K94+L94*2 -> 1655 | N94: =SUM(G94:L94) -> 1041 | O94: =SUM(M94:M98) -> 7079
C95: AS FRANZISKA | D95: MAE | E95: 45608 | F95: 45616 | G95: 138 | H95: 368 | I95: 57 | J95: 18 | K95: 214 | L95: 402 | M95: =G95+H95*2+I95+J95*2+K95+L95*2 -> 1985 | N95: =SUM(G95:L95) -> 1197
C96: AURETTE A | D96: CMA | E96: 45616 | F96: 45619 | G96: 135 | H96: 194 | L96: 50 | M96: =G96+H96*2+I96+J96*2+K96+L96*2 -> 623 | N96: =SUM(G96:L96) -> 379
C97: BF LETICIA | D97: MAE | E97: 45621 | F97: 45627 | G97: 251 | H97: 78 | I97: 91 | J97: 24 | K97: 115 | L97: 245 | M97: =G97+H97*2+I97+J97*2+K97+L97*2 -> 1151 | N97: =SUM(G97:L97) -> 804
C98: MSC NINA F | D98: MSC | E98: 45621 | F98: 45628 | G98: 298 | H98: 98 | I98: 19 | J98: 1 | K98: 390 | L98: 380 | M98: =G98+H98*2+I98+J98*2+K98+L98*2 -> 1665 | N98: =SUM(G98:L98) -> 1186
A99: December | B99: =COUNTA(C99:C105) -> 7 | C99: CONTSHIP LEX | D99: OBT | E99: 45627 | F99: 45631 | G99: 232 | H99: 217 | I99: 1 | J99: 14 | K99: 152 | L99: 223 | M99: =G99+H99*2+I99+J99*2+K99+L99*2 -> 1293 | N99: =SUM(G99:L99) -> 839 | O99: =SUM(M99:M105) -> 9633
C100: MAERSK ROUBAIX | D100: MAE | E100: 45628 | F100: 45634 | G100: 218 | H100: 221 | K100: 244 | L100: 302 | M100: =G100+H100*2+I100+J100*2+K100+L100*2 -> 1508 | N100: =SUM(G100:L100) -> 985
...
